Target_ID,Target_Name,Counter_Name,Score,Tier,Role,Lane,Speciality
1,Miya,Belerick,6.914999962,B,Tank,Roam,"Crowd Control, Regen"
1,Miya,Thamuz,3.917999983,B,Fighter,Exp Lane,"Chase, Damage"
1,Miya,Baxia,3.398000002,D,Tank,Jungle,"Support, Damage"
1,Miya,Terizla,2.369999886,D,"Fighter, Tank",Exp Lane,"Burst, Crowd Control"
1,Miya,Lylia,2.349999905,D,Mage,Mid Lane,"Push, Damage"
1,Miya,Gatotkaca,2.046000004,C,"Tank, Fighter","Roam, Exp Lane","Crowd Control, Burst"
1,Miya,Barats,1.646000028,D,"Tank, Fighter",Jungle,"Damage, Crowd Control"
1,Miya,Fredrinn,0.549000025,S,"Fighter, Tank",Jungle,"Damage, Chase"
1,Miya,Lolita,0.128000006,C,"Support, Tank",Roam,"Guard, Crowd Control"
1,Miya,Leomord,0.101999998,D,Fighter,Jungle,"Chase, Burst"
1,Miya,Hylos,0,D,Tank,Roam,"Guard, Initiator"
2,Balmond,Cici,7.291999817,S,Fighter,Exp Lane,"Damage, Regen"
2,Balmond,Angela,5.919000149,SS,Support,Roam,"Guard, Support"
2,Balmond,X.Borg,5.859000206,B,Fighter,Exp Lane,"Regen, Burst"
2,Balmond,Diggie,3.670000076,S,Support,Roam,"Guard, Poke"
2,Balmond,Kimmy,2.950000048,C,"Marksman, Mage","Gold Lane, Mid Lane","Damage, Magic Damage"
2,Balmond,Estes,2.766000032,B,Support,Roam,"Regen, Guard"
2,Balmond,Valir,2.275000095,D,Mage,Mid Lane,"Damage, Guard"
2,Balmond,Lunox,0.225999996,D,Mage,Mid Lane,"Burst, Damage"
2,Balmond,Mathilda,0.180999994,D,"Support, Assassin",Roam,"Initiator, Guard"
2,Balmond,Yve,0,C,Mage,Mid Lane,"Poke, Burst"
3,Saber,Barats,8.56099987,D,"Tank, Fighter",Jungle,"Damage, Crowd Control"
3,Saber,Miya,8.078000069,D,Marksman,Gold Lane,"Finisher, Damage"
3,Saber,Argus,7.519000053,D,Fighter,Exp Lane,"Charge, Burst"
3,Saber,Masha,7.18200016,C,"Fighter, Tank",Exp Lane,"Push, Damage"
3,Saber,Sun,6.653999805,B,Fighter,"Exp Lane, Jungle","Push, Damage"
3,Saber,Fredrinn,0.474000007,S,"Fighter, Tank",Jungle,"Damage, Chase"
3,Saber,Balmond,0.160999998,D,Fighter,"Jungle, Exp Lane","Damage, Regen"
4,Alice,Angela,7.744999886,SS,Support,Roam,"Guard, Support"
4,Alice,Floryn,7.625999928,S,Support,Roam,"Poke, Guard"
4,Alice,Cici,6.735000134,S,Fighter,Exp Lane,"Damage, Regen"
4,Alice,Estes,6.699999809,B,Support,Roam,"Regen, Guard"
4,Alice,Diggie,3.50999999,S,Support,Roam,"Guard, Poke"
4,Alice,Aulus,1.649999976,D,Fighter,Jungle,"Damage, Crowd Control"
4,Alice,Karrie,1.356999993,D,Marksman,Gold Lane,"Finisher, Damage"
4,Alice,Kaja,0.388000011,D,"Support, Fighter",Roam,"Control, Charge"
4,Alice,Baxia,0.307000011,D,Tank,Jungle,"Support, Damage"
4,Alice,Yve,0,C,Mage,Mid Lane,"Poke, Burst"
5,Nana,Gloo,4.684999943,SS,Tank,"Exp Lane, Roam","Regen, Control"
5,Nana,Hylos,3.41899991,D,Tank,Roam,"Guard, Initiator"
5,Nana,Akai,2.801000118,D,Tank,Roam,"Guard, Crowd Control"
5,Nana,Alice,1.879999995,SS,"Tank, Mage","Exp Lane, Jungle","Charge, Regen"
5,Nana,Balmond,1.830000043,D,Fighter,"Jungle, Exp Lane","Damage, Regen"
5,Nana,Atlas,0.629999995,D,Tank,Roam,"Crowd Control, Initiator"
5,Nana,Esmeralda,0.605000019,D,"Tank, Mage",Exp Lane,"Regen, Mixed Damage"
5,Nana,Yi Sun-shin,0.291999996,SS,"Assassin, Marksman",Jungle,"Finisher, Chase"
5,Nana,Joy,0.234999999,C,Assassin,Jungle,"Chase, Damage"
5,Nana,Yve,0.208000004,C,Mage,Mid Lane,"Poke, Burst"
5,Nana,Harith,0.097000003,D,Mage,"Gold Lane, Mid Lane","Chase, Damage"
5,Nana,Uranus,0.086000003,D,Tank,Exp Lane,Regen
5,Nana,Carmilla,0,D,"Support, Tank",Roam,"Crowd Control, Damage"
6,Tigreal,Alice,6.755000114,SS,"Tank, Mage","Exp Lane, Jungle","Charge, Regen"
6,Tigreal,X.Borg,4.493000031,B,Fighter,Exp Lane,"Regen, Burst"
6,Tigreal,Valir,3.905999899,D,Mage,Mid Lane,"Damage, Guard"
6,Tigreal,Balmond,3.714999914,D,Fighter,"Jungle, Exp Lane","Damage, Regen"
6,Tigreal,Diggie,2.661999941,S,Support,Roam,"Guard, Poke"
6,Tigreal,Faramis,2.559999943,D,"Support, Mage",Mid Lane,"Guard, Charge"
6,Tigreal,Hanabi,0.377999991,C,Marksman,Gold Lane,"Finisher, Damage"
6,Tigreal,Novaria,0.200000003,D,Mage,Mid Lane,"Burst, Poke"
7,Alucard,Barats,8.194000244,D,"Tank, Fighter",Jungle,"Damage, Crowd Control"
7,Alucard,Melissa,6.540999889,D,Marksman,Gold Lane,"Finisher, Damage"
7,Alucard,Phoveus,6.237999916,C,Fighter,Exp Lane,"Regen, Damage"
7,Alucard,Fredrinn,5.972000122,S,"Fighter, Tank",Jungle,"Damage, Chase"
7,Alucard,Khufra,3.349999905,D,Tank,Roam,"Initiator, Crowd Control"
7,Alucard,Thamuz,2.319999933,B,Fighter,Exp Lane,"Chase, Damage"
7,Alucard,Carmilla,0.156000003,D,"Support, Tank",Roam,"Crowd Control, Damage"
8,Karina,Granger,5.638999939,B,Marksman,Gold Lane,"Burst, Finisher"
8,Karina,Lunox,4.426000118,D,Mage,Mid Lane,"Burst, Damage"
8,Karina,Gloo,3.849999905,SS,Tank,"Exp Lane, Roam","Regen, Control"
8,Karina,Brody,3.815999985,D,Marksman,Gold Lane,"Burst, Finisher"
8,Karina,Odette,2.476000071,D,Mage,Mid Lane,"Burst, Poke"
8,Karina,Melissa,1.768000007,D,Marksman,Gold Lane,"Finisher, Damage"
8,Karina,Joy,0.27700001,C,Assassin,Jungle,"Chase, Damage"
8,Karina,Faramis,0.259000003,D,"Support, Mage",Mid Lane,"Guard, Charge"
8,Karina,Paquito,0.224000007,D,"Fighter, Assassin",Exp Lane,"Chase, Damage"
8,Karina,Diggie,0.217999995,S,Support,Roam,"Guard, Poke"
8,Karina,Khufra,0.189999998,D,Tank,Roam,"Initiator, Crowd Control"
9,Akai,Alice,5.415999889,SS,"Tank, Mage","Exp Lane, Jungle","Charge, Regen"
9,Akai,Esmeralda,5.085999966,D,"Tank, Mage",Exp Lane,"Regen, Mixed Damage"
9,Akai,Karrie,4.02699995,D,Marksman,Gold Lane,"Finisher, Damage"
9,Akai,Hanabi,3.940000057,C,Marksman,Gold Lane,"Finisher, Damage"
9,Akai,Yve,1.950000048,C,Mage,Mid Lane,"Poke, Burst"
9,Akai,Cyclops,1.493999958,C,Mage,Mid Lane,"Damage, Control"
9,Akai,Cici,0.625999987,S,Fighter,Exp Lane,"Damage, Regen"
9,Akai,Harith,0.231000006,D,Mage,"Gold Lane, Mid Lane","Chase, Damage"
9,Akai,Phoveus,0.224000007,C,Fighter,Exp Lane,"Regen, Damage"
9,Akai,Aulus,0.215000004,D,Fighter,Jungle,"Damage, Crowd Control"
9,Akai,Chip,0.192000002,D,"Support, Tank",Roam,"Support, Crowd Control"
10,Franco,Sun,4.605999947,B,Fighter,"Exp Lane, Jungle","Push, Damage"
10,Franco,Hanzo,4.548999786,C,Assassin,Jungle,"Poke, Burst"
10,Franco,Atlas,4.125,D,Tank,Roam,"Crowd Control, Initiator"
10,Franco,Johnson,4.024000168,D,"Tank, Support",Roam,"Support, Crowd Control"
10,Franco,Tigreal,3.644000053,D,Tank,Roam,Crowd Control
10,Franco,Grock,0.115000002,SS,"Tank, Fighter","Roam, Exp Lane","Crowd Control, Initiator"
11,Bane,Lolita,6.380000114,C,"Support, Tank",Roam,"Guard, Crowd Control"
11,Bane,Atlas,4.072000027,D,Tank,Roam,"Crowd Control, Initiator"
11,Bane,Yve,3.53399992,C,Mage,Mid Lane,"Poke, Burst"
11,Bane,Nolan,3.289000034,D,Assassin,Jungle,"Chase, Burst"
11,Bane,Hanzo,2.332999945,C,Assassin,Jungle,"Poke, Burst"
11,Bane,Yin,0.995000005,C,"Fighter, Assassin","Jungle, Exp Lane","Burst, Control"
11,Bane,Valentina,0.619000018,D,Mage,Mid Lane,"Burst, Finisher"
11,Bane,Helcurt,0.305999994,A,Assassin,Jungle,"Push, Burst"
11,Bane,Masha,0.228,C,"Fighter, Tank",Exp Lane,"Push, Damage"
11,Bane,Novaria,0.185000002,D,Mage,Mid Lane,"Burst, Poke"
11,Bane,Arlott,0.160999998,B,"Fighter, Assassin",Exp Lane,"Charge, Burst"
12,Bruno,Lolita,6.021999836,C,"Support, Tank",Roam,"Guard, Crowd Control"
12,Bruno,Lesley,4.392000198,C,"Marksman, Assassin",Gold Lane,"Finisher, Burst"
12,Bruno,Barats,3.865999937,D,"Tank, Fighter",Jungle,"Damage, Crowd Control"
12,Bruno,Aamon,3.315000057,SS,Assassin,Jungle,"Chase, Magic Damage"
12,Bruno,Karina,2.539999962,D,Assassin,Jungle,"Finisher, Magic Damage"
12,Bruno,Layla,0.985000014,D,Marksman,Gold Lane,"Finisher, Damage"
12,Bruno,Gloo,0.676999986,SS,Tank,"Exp Lane, Roam","Regen, Control"
12,Bruno,Luo Yi,0.317999989,D,Mage,Mid Lane,"Support, Crowd Control"
12,Bruno,Leomord,0.172000006,D,Fighter,Jungle,"Chase, Burst"
12,Bruno,Saber,0.164000005,A,Assassin,"Jungle, Roam","Charge, Finisher"
12,Bruno,Lukas,0.148000002,D,Fighter,"Exp Lane, Jungle","Regen, Damage"
12,Bruno,Khufra,0.135000005,D,Tank,Roam,"Initiator, Crowd Control"
13,Clint,Fanny,3.752000093,B,Assassin,Jungle,"Chase, Finisher"
13,Clint,Layla,2.558000088,D,Marksman,Gold Lane,"Finisher, Damage"
13,Clint,Gloo,2.348999977,SS,Tank,"Exp Lane, Roam","Regen, Control"
13,Clint,Minotaur,1.149999976,B,"Tank, Support",Roam,Crowd Control
13,Clint,Joy,1.110000014,C,Assassin,Jungle,"Chase, Damage"
13,Clint,Mathilda,1.041000009,D,"Support, Assassin",Roam,"Initiator, Guard"
13,Clint,Silvanna,0.649999976,C,Fighter,Exp Lane,"Initiator, Magic Damage"
13,Clint,Saber,0.217999995,A,Assassin,"Jungle, Roam","Charge, Finisher"
13,Clint,Granger,0.189999998,B,Marksman,Gold Lane,"Burst, Finisher"
13,Clint,Guinevere,0.186000004,C,Fighter,Exp Lane,"Burst, Magic Damage"
13,Clint,Moskov,0.136999995,D,Marksman,Gold Lane,"Finisher, Chase"
13,Clint,Diggie,0.119999997,S,Support,Roam,"Guard, Poke"
13,Clint,Arlott,0.098999999,B,"Fighter, Assassin",Exp Lane,"Charge, Burst"
13,Clint,Miya,0,D,Marksman,Gold Lane,"Finisher, Damage"
14,Rafaela,Odette,4.889999866,D,Mage,Mid Lane,"Burst, Poke"
14,Rafaela,Silvanna,4.481999874,C,Fighter,Exp Lane,"Initiator, Magic Damage"
14,Rafaela,Nolan,4.368999958,D,Assassin,Jungle,"Chase, Burst"
14,Rafaela,Eudora,2.920000076,C,Mage,Mid Lane,"Control, Burst"
14,Rafaela,Layla,2.730000019,D,Marksman,Gold Lane,"Finisher, Damage"
14,Rafaela,Ixia,1.875,A,Marksman,Gold Lane,"Finisher, Damage"
14,Rafaela,Vale,1.125,D,Mage,Mid Lane,"Burst, Crowd Control"
14,Rafaela,Paquito,0.189999998,D,"Fighter, Assassin",Exp Lane,"Chase, Damage"
14,Rafaela,Arlott,0.158000007,B,"Fighter, Assassin",Exp Lane,"Charge, Burst"
15,Eudora,Barats,11.90600014,D,"Tank, Fighter",Jungle,"Damage, Crowd Control"
15,Eudora,Atlas,7.018000126,D,Tank,Roam,"Crowd Control, Initiator"
15,Eudora,Hylos,5.684999943,D,Tank,Roam,"Guard, Initiator"
15,Eudora,Gloo,3.549999952,SS,Tank,"Exp Lane, Roam","Regen, Control"
15,Eudora,Balmond,3.450000048,D,Fighter,"Jungle, Exp Lane","Damage, Regen"
15,Eudora,Sun,3.029000044,B,Fighter,"Exp Lane, Jungle","Push, Damage"
15,Eudora,Fredrinn,2.486000061,S,"Fighter, Tank",Jungle,"Damage, Chase"
15,Eudora,Masha,0.490999997,C,"Fighter, Tank",Exp Lane,"Push, Damage"
15,Eudora,Lolita,0.207000002,C,"Support, Tank",Roam,"Guard, Crowd Control"
16,Zilong,Eudora,6.267000198,C,Mage,Mid Lane,"Control, Burst"
16,Zilong,Karina,5.639999866,D,Assassin,Jungle,"Finisher, Magic Damage"
16,Zilong,Popol and Kupa,5.474999905,D,Marksman,"Jungle, Gold Lane","Push, Burst"
16,Zilong,Lukas,4.34499979,D,Fighter,"Exp Lane, Jungle","Regen, Damage"
16,Zilong,Aamon,2.980000019,SS,Assassin,Jungle,"Chase, Magic Damage"
16,Zilong,Jawhead,1.825999975,D,Fighter,"Roam, Exp Lane","Charge, Burst"
16,Zilong,Barats,0.726000011,D,"Tank, Fighter",Jungle,"Damage, Crowd Control"
16,Zilong,Johnson,0.389999986,D,"Tank, Support",Roam,"Support, Crowd Control"
16,Zilong,Carmilla,0.194999993,D,"Support, Tank",Roam,"Crowd Control, Damage"
16,Zilong,Chip,0.194999993,D,"Support, Tank",Roam,"Support, Crowd Control"
16,Zilong,Baxia,0.179000005,D,Tank,Jungle,"Support, Damage"
16,Zilong,Belerick,0.163000003,B,Tank,Roam,"Crowd Control, Regen"
16,Zilong,Gatotkaca,0.153999999,C,"Tank, Fighter","Roam, Exp Lane","Crowd Control, Burst"
17,Fanny,Bruno,6.15500021,D,Marksman,Gold Lane,"Finisher, Burst"
17,Fanny,Brody,5.440999985,D,Marksman,Gold Lane,"Burst, Finisher"
17,Fanny,Franco,4.440000057,B,Tank,Roam,"Initiator, Control"
17,Fanny,Eudora,3.65899992,C,Mage,Mid Lane,"Control, Burst"
17,Fanny,Obsidia,2.960000038,B,Marksman,Gold Lane,"Finisher, Damage"
17,Fanny,Zilong,2.095999956,D,"Fighter, Assassin",Exp Lane,"Chase, Damage"
17,Fanny,Masha,1.922000051,C,"Fighter, Tank",Exp Lane,"Push, Damage"
17,Fanny,Moskov,1.15199995,D,Marksman,Gold Lane,"Finisher, Chase"
17,Fanny,Valentina,0.550000012,D,Mage,Mid Lane,"Burst, Finisher"
17,Fanny,Saber,0.361000001,A,Assassin,"Jungle, Roam","Charge, Finisher"
18,Layla,Atlas,6.271999836,D,Tank,Roam,"Crowd Control, Initiator"
18,Layla,Johnson,4.929999828,D,"Tank, Support",Roam,"Support, Crowd Control"
18,Layla,Sun,4.413000107,B,Fighter,"Exp Lane, Jungle","Push, Damage"
18,Layla,Hylos,2.461999893,D,Tank,Roam,"Guard, Initiator"
18,Layla,Alice,1.850000024,SS,"Tank, Mage","Exp Lane, Jungle","Charge, Regen"
18,Layla,Helcurt,1.376999974,A,Assassin,Jungle,"Push, Burst"
18,Layla,Gatotkaca,0.925000012,C,"Tank, Fighter","Roam, Exp Lane","Crowd Control, Burst"
18,Layla,Grock,0.150000006,SS,"Tank, Fighter","Roam, Exp Lane","Crowd Control, Initiator"
18,Layla,Khufra,0.128000006,D,Tank,Roam,"Initiator, Crowd Control"
18,Layla,Tigreal,0,D,Tank,Roam,Crowd Control
19,Minotaur,Alice,3.512000084,SS,"Tank, Mage","Exp Lane, Jungle","Charge, Regen"
19,Minotaur,Kimmy,3.079999924,C,"Marksman, Mage","Gold Lane, Mid Lane","Damage, Magic Damage"
19,Minotaur,Lapu-Lapu,2.868000031,A,Fighter,Exp Lane,"Chase, Burst"
19,Minotaur,Fanny,2.221999884,B,Assassin,Jungle,"Chase, Finisher"
19,Minotaur,Yve,2.029999971,C,Mage,Mid Lane,"Poke, Burst"
19,Minotaur,Ixia,1.794999957,A,Marksman,Gold Lane,"Finisher, Damage"
19,Minotaur,Hanabi,1.572999954,C,Marksman,Gold Lane,"Finisher, Damage"
19,Minotaur,Carmilla,0.985000014,D,"Support, Tank",Roam,"Crowd Control, Damage"
19,Minotaur,Diggie,0.241999999,S,Support,Roam,"Guard, Poke"
19,Minotaur,Mathilda,0.230000004,D,"Support, Assassin",Roam,"Initiator, Guard"
19,Minotaur,Hanzo,0.145999998,C,Assassin,Jungle,"Poke, Burst"
19,Minotaur,Luo Yi,0.143999994,D,Mage,Mid Lane,"Support, Crowd Control"
20,Lolita,Yve,13.29599953,C,Mage,Mid Lane,"Poke, Burst"
20,Lolita,Esmeralda,12.34399986,D,"Tank, Mage",Exp Lane,"Regen, Mixed Damage"
20,Lolita,Zhuxin,11.47000027,C,Mage,Mid Lane,"Damage, Crowd Control"
20,Lolita,Aurora,11.01099968,D,Mage,Mid Lane,"Crowd Control, Poke"
20,Lolita,Kadita,8.465999603,B,"Mage, Assassin",Mid Lane,"Burst, Charge"
20,Lolita,Clint,0.460999995,D,Marksman,Gold Lane,"Finisher, Burst"
20,Lolita,Harith,0.439999998,D,Mage,"Gold Lane, Mid Lane","Chase, Damage"
20,Lolita,Leomord,0.42899999,D,Fighter,Jungle,"Chase, Burst"
21,Hayabusa,Saber,4.938000202,A,Assassin,"Jungle, Roam","Charge, Finisher"
21,Hayabusa,Eudora,4.482999802,C,Mage,Mid Lane,"Control, Burst"
21,Hayabusa,Yin,4.025000095,C,"Fighter, Assassin","Jungle, Exp Lane","Burst, Control"
21,Hayabusa,Chip,2.568000078,D,"Support, Tank",Roam,"Support, Crowd Control"
21,Hayabusa,Sun,2.160000086,B,Fighter,"Exp Lane, Jungle","Push, Damage"
21,Hayabusa,Miya,1.485000014,D,Marksman,Gold Lane,"Finisher, Damage"
21,Hayabusa,Popol and Kupa,1.277999997,D,Marksman,"Jungle, Gold Lane","Push, Burst"
21,Hayabusa,Cyclops,0.54400003,C,Mage,Mid Lane,"Damage, Control"
21,Hayabusa,Obsidia,0.351999998,B,Marksman,Gold Lane,"Finisher, Damage"
21,Hayabusa,Fredrinn,0.224999994,S,"Fighter, Tank",Jungle,"Damage, Chase"
22,Freya,Phoveus,9.640999794,C,Fighter,Exp Lane,"Regen, Damage"
22,Freya,Minsitthar,8.178999901,C,Fighter,"Exp Lane, Roam","Initiator, Crowd Control"
22,Freya,Baxia,4.741000175,D,Tank,Jungle,"Support, Damage"
22,Freya,Popol and Kupa,2.220000029,D,Marksman,"Jungle, Gold Lane","Push, Burst"
22,Freya,Edith,2.170000076,D,"Tank, Marksman","Exp Lane, Roam","Control, Burst"
22,Freya,Barats,1.363000035,D,"Tank, Fighter",Jungle,"Damage, Crowd Control"
22,Freya,Thamuz,1.174999952,B,Fighter,Exp Lane,"Chase, Damage"
22,Freya,Esmeralda,0.777999997,D,"Tank, Mage",Exp Lane,"Regen, Mixed Damage"
22,Freya,Luo Yi,0.144999996,D,Mage,Mid Lane,"Support, Crowd Control"
23,Gord,Natalia,6.837999821,C,Assassin,"Jungle, Roam","Chase, Finisher"
23,Gord,Ling,6.449999809,D,Assassin,Jungle,"Chase, Burst"
23,Gord,Hanzo,6.366000175,C,Assassin,Jungle,"Poke, Burst"
23,Gord,Helcurt,4.485000134,A,Assassin,Jungle,"Push, Burst"
23,Gord,Fanny,3.069999933,B,Assassin,Jungle,"Chase, Finisher"
23,Gord,Benedetta,1.254999995,D,"Assassin, Fighter",Exp Lane,"Chase, Burst"
23,Gord,Harley,0.976999998,C,"Assassin, Mage",Jungle,"Burst, Poke"
23,Gord,Hayabusa,0.451999992,SS,Assassin,Jungle,"Chase, Burst"
23,Gord,Joy,0.277999997,C,Assassin,Jungle,"Chase, Damage"
23,Gord,Aldous,0.237000003,D,Fighter,Exp Lane,"Burst, Support"
24,Natalia,Karina,7.997000217,D,Assassin,Jungle,"Finisher, Magic Damage"
24,Natalia,Saber,7.940000057,A,Assassin,"Jungle, Roam","Charge, Finisher"
24,Natalia,Eudora,7.202000141,C,Mage,Mid Lane,"Control, Burst"
24,Natalia,Alucard,5.994999886,B,"Fighter, Assassin",Jungle,"Chase, Damage"
24,Natalia,Zhuxin,5.34800005,C,Mage,Mid Lane,"Damage, Crowd Control"
24,Natalia,Cyclops,2.881999969,C,Mage,Mid Lane,"Damage, Control"
24,Natalia,Brody,0.412999988,D,Marksman,Gold Lane,"Burst, Finisher"
24,Natalia,Valentina,0.344999999,D,Mage,Mid Lane,"Burst, Finisher"
24,Natalia,Melissa,0.303000003,D,Marksman,Gold Lane,"Finisher, Damage"
24,Natalia,Paquito,0.275000006,D,"Fighter, Assassin",Exp Lane,"Chase, Damage"
25,Kagura,Phoveus,3.773999929,C,Fighter,Exp Lane,"Regen, Damage"
25,Kagura,Esmeralda,3.486999989,D,"Tank, Mage",Exp Lane,"Regen, Mixed Damage"
25,Kagura,Kaja,2.724999905,D,"Support, Fighter",Roam,"Control, Charge"
25,Kagura,Harith,2.084000111,D,Mage,"Gold Lane, Mid Lane","Chase, Damage"
25,Kagura,Hilda,1.840000033,S,"Fighter, Tank","Roam, Exp Lane","Damage, Regen"
25,Kagura,Obsidia,1.628000021,B,Marksman,Gold Lane,"Finisher, Damage"
25,Kagura,Thamuz,1.23300004,B,Fighter,Exp Lane,"Chase, Damage"
25,Kagura,Minsitthar,0.537999988,C,Fighter,"Exp Lane, Roam","Initiator, Crowd Control"
25,Kagura,Diggie,0.30399999,S,Support,Roam,"Guard, Poke"
25,Kagura,Joy,0.243000001,C,Assassin,Jungle,"Chase, Damage"
25,Kagura,Khufra,0.184,D,Tank,Roam,"Initiator, Crowd Control"
25,Kagura,Leomord,0.180000007,D,Fighter,Jungle,"Chase, Burst"
25,Kagura,Cyclops,0.165999994,C,Mage,Mid Lane,"Damage, Control"
25,Kagura,Alucard,0.152999997,B,"Fighter, Assassin",Jungle,"Chase, Damage"
26,Chou,Phoveus,5.190000057,C,Fighter,Exp Lane,"Regen, Damage"
26,Chou,Cyclops,4.570000172,C,Mage,Mid Lane,"Damage, Control"
26,Chou,Esmeralda,4.323999882,D,"Tank, Mage",Exp Lane,"Regen, Mixed Damage"
26,Chou,Lukas,3.845000029,D,Fighter,"Exp Lane, Jungle","Regen, Damage"
26,Chou,Obsidia,2.562000036,B,Marksman,Gold Lane,"Finisher, Damage"
26,Chou,Popol and Kupa,0.910000026,D,Marksman,"Jungle, Gold Lane","Push, Burst"
26,Chou,Eudora,0.338999987,C,Mage,Mid Lane,"Control, Burst"
26,Chou,Faramis,0.31400001,D,"Support, Mage",Mid Lane,"Guard, Charge"
26,Chou,Alice,0.160999998,SS,"Tank, Mage","Exp Lane, Jungle","Charge, Regen"
26,Chou,Valentina,0.145999998,D,Mage,Mid Lane,"Burst, Finisher"
27,Sun,Ruby,10.55900002,C,Fighter,Exp Lane,"Crowd Control, Regen"
27,Sun,Natan,8.237999916,B,Marksman,Gold Lane,"Burst, Magic Damage"
27,Sun,Alucard,8.201000214,B,"Fighter, Assassin",Jungle,"Chase, Damage"
27,Sun,Aldous,7.715000153,D,Fighter,Exp Lane,"Burst, Support"
27,Sun,Melissa,4.039999962,D,Marksman,Gold Lane,"Finisher, Damage"
27,Sun,Faramis,3.357000113,D,"Support, Mage",Mid Lane,"Guard, Charge"
27,Sun,Joy,0.335999995,C,Assassin,Jungle,"Chase, Damage"
27,Sun,Kimmy,0.287999988,C,"Marksman, Mage","Gold Lane, Mid Lane","Damage, Magic Damage"
27,Sun,Alice,0.284000009,SS,"Tank, Mage","Exp Lane, Jungle","Charge, Regen"
28,Alpha,Benedetta,6.525000095,D,"Assassin, Fighter",Exp Lane,"Chase, Burst"
28,Alpha,Diggie,6.492000103,S,Support,Roam,"Guard, Poke"
28,Alpha,X.Borg,5.540999889,B,Fighter,Exp Lane,"Regen, Burst"
28,Alpha,Yve,3.970999956,C,Mage,Mid Lane,"Poke, Burst"
28,Alpha,Hanzo,3.869999886,C,Assassin,Jungle,"Poke, Burst"
28,Alpha,Valir,1.651000023,D,Mage,Mid Lane,"Damage, Guard"
28,Alpha,Mathilda,0.370000005,D,"Support, Assassin",Roam,"Initiator, Guard"
28,Alpha,Ling,0.180999994,D,Assassin,Jungle,"Chase, Burst"
28,Alpha,Lancelot,0,SS,Assassin,Jungle,"Chase, Burst"
28,Alpha,Lylia,0,D,Mage,Mid Lane,"Push, Damage"
29,Ruby,X.Borg,7.275000095,B,Fighter,Exp Lane,"Regen, Burst"
29,Ruby,Phoveus,7.164000034,C,Fighter,Exp Lane,"Regen, Damage"
29,Ruby,Gord,4.479000092,D,Mage,Mid Lane,"Poke, Burst"
29,Ruby,Barats,2.704999924,D,"Tank, Fighter",Jungle,"Damage, Crowd Control"
29,Ruby,Balmond,2.160000086,D,Fighter,"Jungle, Exp Lane","Damage, Regen"
29,Ruby,Lolita,1.781999946,C,"Support, Tank",Roam,"Guard, Crowd Control"
29,Ruby,Terizla,1.129999995,D,"Fighter, Tank",Exp Lane,"Burst, Crowd Control"
29,Ruby,Arlott,0.649999976,B,"Fighter, Assassin",Exp Lane,"Charge, Burst"
29,Ruby,Yu Zhong,0.244000003,B,Fighter,Exp Lane,"Regen, Damage"
29,Ruby,Khufra,0.233999997,D,Tank,Roam,"Initiator, Crowd Control"
29,Ruby,Leomord,0.230000004,D,Fighter,Jungle,"Chase, Burst"
29,Ruby,Diggie,0,S,Support,Roam,"Guard, Poke"
29,Ruby,Ixia,0,A,Marksman,Gold Lane,"Finisher, Damage"
30,Yi Sun-shin,Uranus,4.671000004,D,Tank,Exp Lane,Regen
30,Yi Sun-shin,Karina,4.247000217,D,Assassin,Jungle,"Finisher, Magic Damage"
30,Yi Sun-shin,Esmeralda,3.486000061,D,"Tank, Mage",Exp Lane,"Regen, Mixed Damage"
30,Yi Sun-shin,Lolita,1.81099999,C,"Support, Tank",Roam,"Guard, Crowd Control"
30,Yi Sun-shin,Granger,1.529999971,B,Marksman,Gold Lane,"Burst, Finisher"
30,Yi Sun-shin,Aamon,1.218000054,SS,Assassin,Jungle,"Chase, Magic Damage"
30,Yi Sun-shin,Xavier,1.029000044,D,Mage,Mid Lane,"Damage, Burst"
30,Yi Sun-shin,Hayabusa,0.781000018,SS,Assassin,Jungle,"Chase, Burst"
30,Yi Sun-shin,Paquito,0.216000006,D,"Fighter, Assassin",Exp Lane,"Chase, Damage"
30,Yi Sun-shin,Natalia,0.209999993,C,Assassin,"Jungle, Roam","Chase, Finisher"
30,Yi Sun-shin,Harith,0,D,Mage,"Gold Lane, Mid Lane","Chase, Damage"
31,Moskov,Hanabi,4.215000153,C,Marksman,Gold Lane,"Finisher, Damage"
31,Moskov,Karina,4.020999908,D,Assassin,Jungle,"Finisher, Magic Damage"
31,Moskov,Miya,3.948999882,D,Marksman,Gold Lane,"Finisher, Damage"
31,Moskov,Bruno,2.46600008,D,Marksman,Gold Lane,"Finisher, Burst"
31,Moskov,Alpha,1.899999976,D,Fighter,"Jungle, Exp Lane","Charge, Damage"
31,Moskov,Eudora,1.325000048,C,Mage,Mid Lane,"Control, Burst"
31,Moskov,Cyclops,0.976000011,C,Mage,Mid Lane,"Damage, Control"
31,Moskov,Barats,0.340000004,D,"Tank, Fighter",Jungle,"Damage, Crowd Control"
31,Moskov,Lukas,0.182999998,D,Fighter,"Exp Lane, Jungle","Regen, Damage"
31,Moskov,Faramis,0.172999993,D,"Support, Mage",Mid Lane,"Guard, Charge"
31,Moskov,Valentina,0.159999996,D,Mage,Mid Lane,"Burst, Finisher"
31,Moskov,Edith,0.150000006,D,"Tank, Marksman","Exp Lane, Roam","Control, Burst"
31,Moskov,Floryn,0.150000006,S,Support,Roam,"Poke, Guard"
31,Moskov,Phoveus,0.143000007,C,Fighter,Exp Lane,"Regen, Damage"
31,Moskov,Kalea,0.142000005,C,"Support, Fighter",Roam,"Control, Regen"
32,Johnson,Alice,5.586999893,SS,"Tank, Mage","Exp Lane, Jungle","Charge, Regen"
32,Johnson,Gloo,4.268000126,SS,Tank,"Exp Lane, Roam","Regen, Control"
32,Johnson,Belerick,4.164999962,B,Tank,Roam,"Crowd Control, Regen"
32,Johnson,Minotaur,3.630000114,B,"Tank, Support",Roam,Crowd Control
32,Johnson,Natan,2.773999929,B,Marksman,Gold Lane,"Burst, Magic Damage"
32,Johnson,Kadita,0.944999993,B,"Mage, Assassin",Mid Lane,"Burst, Charge"
32,Johnson,Mathilda,0.574999988,D,"Support, Assassin",Roam,"Initiator, Guard"
32,Johnson,Atlas,0.349999994,D,Tank,Roam,"Crowd Control, Initiator"
32,Johnson,Diggie,0.268999994,S,Support,Roam,"Guard, Poke"
32,Johnson,Claude,0.229000002,D,Marksman,Gold Lane,"Burst, Chase"
32,Johnson,Alpha,0.165000007,D,Fighter,"Jungle, Exp Lane","Charge, Damage"
33,Cyclops,Lolita,14.16800022,C,"Support, Tank",Roam,"Guard, Crowd Control"
33,Cyclops,Estes,5.910999775,B,Support,Roam,"Regen, Guard"
33,Cyclops,Sun,4.68200016,B,Fighter,"Exp Lane, Jungle","Push, Damage"
33,Cyclops,Ixia,4.510000229,A,Marksman,Gold Lane,"Finisher, Damage"
33,Cyclops,Atlas,4.099999905,D,Tank,Roam,"Crowd Control, Initiator"
33,Cyclops,Odette,0.805000007,D,Mage,Mid Lane,"Burst, Poke"
33,Cyclops,Popol and Kupa,0.382999986,D,Marksman,"Jungle, Gold Lane","Push, Burst"
33,Cyclops,Layla,0.377999991,D,Marksman,Gold Lane,"Finisher, Damage"
33,Cyclops,Yve,0.217999995,C,Mage,Mid Lane,"Poke, Burst"
34,Estes,Ixia,9.559000015,A,Marksman,Gold Lane,"Finisher, Damage"
34,Estes,Yin,8.300000191,C,"Fighter, Assassin","Jungle, Exp Lane","Burst, Control"
34,Estes,Nolan,6.809999943,D,Assassin,Jungle,"Chase, Burst"
34,Estes,Atlas,5.927000046,D,Tank,Roam,"Crowd Control, Initiator"
34,Estes,Vale,3.00999999,D,Mage,Mid Lane,"Burst, Crowd Control"
34,Estes,Beatrix,1.613999963,D,Marksman,Gold Lane,"Finisher, Damage"
34,Estes,Luo Yi,0.550000012,D,Mage,Mid Lane,"Support, Crowd Control"
34,Estes,Benedetta,0.223000005,D,"Assassin, Fighter",Exp Lane,"Chase, Burst"
35,Hilda,Aamon,5.31099987,SS,Assassin,Jungle,"Chase, Magic Damage"
35,Hilda,Alpha,4.574999809,D,Fighter,"Jungle, Exp Lane","Charge, Damage"
35,Hilda,Sun,4.363999844,B,Fighter,"Exp Lane, Jungle","Push, Damage"
35,Hilda,Karrie,4.285999775,D,Marksman,Gold Lane,"Finisher, Damage"
35,Hilda,Phoveus,2.240999937,C,Fighter,Exp Lane,"Regen, Damage"
35,Hilda,Atlas,0.959999979,D,Tank,Roam,"Crowd Control, Initiator"
35,Hilda,Minsitthar,0.400999993,C,Fighter,"Exp Lane, Roam","Initiator, Crowd Control"
35,Hilda,Estes,0.372000009,B,Support,Roam,"Regen, Guard"
35,Hilda,Chip,0.317000002,D,"Support, Tank",Roam,"Support, Crowd Control"
35,Hilda,Melissa,0.202999994,D,Marksman,Gold Lane,"Finisher, Damage"
35,Hilda,Lolita,0.199000001,C,"Support, Tank",Roam,"Guard, Crowd Control"
36,Aurora,Hanzo,3.619999886,C,Assassin,Jungle,"Poke, Burst"
36,Aurora,Benedetta,3.017999887,D,"Assassin, Fighter",Exp Lane,"Chase, Burst"
36,Aurora,Lancelot,2.714999914,SS,Assassin,Jungle,"Chase, Burst"
36,Aurora,Ling,2.434999943,D,Assassin,Jungle,"Chase, Burst"
36,Aurora,Gloo,2.25,SS,Tank,"Exp Lane, Roam","Regen, Control"
36,Aurora,Yin,1.302000046,C,"Fighter, Assassin","Jungle, Exp Lane","Burst, Control"
36,Aurora,Diggie,0.746999979,S,Support,Roam,"Guard, Poke"
36,Aurora,Yve,0.354000002,C,Mage,Mid Lane,"Poke, Burst"
36,Aurora,Barats,0.130999997,D,"Tank, Fighter",Jungle,"Damage, Crowd Control"
36,Aurora,Luo Yi,0.127000004,D,Mage,Mid Lane,"Support, Crowd Control"
36,Aurora,Joy,0.123000003,C,Assassin,Jungle,"Chase, Damage"
37,Lapu-Lapu,Esmeralda,6.272999763,D,"Tank, Mage",Exp Lane,"Regen, Mixed Damage"
37,Lapu-Lapu,Fanny,3.326999903,B,Assassin,Jungle,"Chase, Finisher"
37,Lapu-Lapu,Kaja,3.244999886,D,"Support, Fighter",Roam,"Control, Charge"
37,Lapu-Lapu,Harith,1.835999966,D,Mage,"Gold Lane, Mid Lane","Chase, Damage"
37,Lapu-Lapu,Karrie,1.784999967,D,Marksman,Gold Lane,"Finisher, Damage"
37,Lapu-Lapu,Franco,1.50999999,B,Tank,Roam,"Initiator, Control"
37,Lapu-Lapu,X.Borg,0.845000029,B,Fighter,Exp Lane,"Regen, Burst"
37,Lapu-Lapu,Claude,0.349999994,D,Marksman,Gold Lane,"Burst, Chase"
37,Lapu-Lapu,Wanwan,0.330000013,C,Marksman,Gold Lane,"Finisher, Burst"
37,Lapu-Lapu,Valentina,0.270000011,D,Mage,Mid Lane,"Burst, Finisher"
37,Lapu-Lapu,Mathilda,0.209999993,D,"Support, Assassin",Roam,"Initiator, Guard"
37,Lapu-Lapu,Beatrix,0.166999996,D,Marksman,Gold Lane,"Finisher, Damage"
37,Lapu-Lapu,Yi Sun-shin,0.164000005,SS,"Assassin, Marksman",Jungle,"Finisher, Chase"
38,Vexana,Alice,5.127999783,SS,"Tank, Mage","Exp Lane, Jungle","Charge, Regen"
38,Vexana,X.Borg,4.09800005,B,Fighter,Exp Lane,"Regen, Burst"
38,Vexana,Benedetta,3.470000029,D,"Assassin, Fighter",Exp Lane,"Chase, Burst"
38,Vexana,Hanzo,3.163000107,C,Assassin,Jungle,"Poke, Burst"
38,Vexana,Natalia,2.819000006,C,Assassin,"Jungle, Roam","Chase, Finisher"
38,Vexana,Faramis,0.628000021,D,"Support, Mage",Mid Lane,"Guard, Charge"
38,Vexana,Ling,0.152999997,D,Assassin,Jungle,"Chase, Burst"
38,Vexana,Kimmy,0.149000004,C,"Marksman, Mage","Gold Lane, Mid Lane","Damage, Magic Damage"
39,Roger,Estes,2.638999939,B,Support,Roam,"Regen, Guard"
39,Roger,Esmeralda,2.49000001,D,"Tank, Mage",Exp Lane,"Regen, Mixed Damage"
39,Roger,Popol and Kupa,1.72300005,D,Marksman,"Jungle, Gold Lane","Push, Burst"
39,Roger,Baxia,1.429999948,D,Tank,Jungle,"Support, Damage"
39,Roger,Ruby,1.389999986,C,Fighter,Exp Lane,"Crowd Control, Regen"
39,Roger,Leomord,1.264000058,D,Fighter,Jungle,"Chase, Burst"
39,Roger,Karina,0.98299998,D,Assassin,Jungle,"Finisher, Magic Damage"
39,Roger,Uranus,0.649999976,D,Tank,Exp Lane,Regen
39,Roger,Barats,0.535000026,D,"Tank, Fighter",Jungle,"Damage, Crowd Control"
39,Roger,Suyou,0.239999995,D,"Assassin, Fighter",Jungle,"Chase, Burst"
39,Roger,Valentina,0.229000002,D,Mage,Mid Lane,"Burst, Finisher"
39,Roger,Zhuxin,0.174999997,C,Mage,Mid Lane,"Damage, Crowd Control"
39,Roger,Cyclops,0.129999995,C,Mage,Mid Lane,"Damage, Control"
39,Roger,Claude,0.129999995,D,Marksman,Gold Lane,"Burst, Chase"
39,Roger,Lukas,0.120999999,D,Fighter,"Exp Lane, Jungle","Regen, Damage"
39,Roger,Yve,0,C,Mage,Mid Lane,"Poke, Burst"
40,Karrie,Sun,6.145999908,B,Fighter,"Exp Lane, Jungle","Push, Damage"
40,Karrie,Argus,5.386000156,D,Fighter,Exp Lane,"Charge, Burst"
40,Karrie,Rafaela,5.171000004,B,Support,Roam,"Regen, Guard"
40,Karrie,Lolita,3.871999979,C,"Support, Tank",Roam,"Guard, Crowd Control"
40,Karrie,X.Borg,2.390000105,B,Fighter,Exp Lane,"Regen, Burst"
40,Karrie,Guinevere,1.024999976,C,Fighter,Exp Lane,"Burst, Magic Damage"
40,Karrie,Popol and Kupa,0.720000029,D,Marksman,"Jungle, Gold Lane","Push, Burst"
40,Karrie,Diggie,0.469999999,S,Support,Roam,"Guard, Poke"
40,Karrie,Faramis,0.250999987,D,"Support, Mage",Mid Lane,"Guard, Charge"
40,Karrie,Masha,0.217999995,C,"Fighter, Tank",Exp Lane,"Push, Damage"
40,Karrie,Minsitthar,0.181999996,C,Fighter,"Exp Lane, Roam","Initiator, Crowd Control"
40,Karrie,Hanzo,0.158000007,C,Assassin,Jungle,"Poke, Burst"
41,Gatotkaca,Lesley,6.34499979,C,"Marksman, Assassin",Gold Lane,"Finisher, Burst"
41,Gatotkaca,X.Borg,4.693999767,B,Fighter,Exp Lane,"Regen, Burst"
41,Gatotkaca,Aldous,3.444999933,D,Fighter,Exp Lane,"Burst, Support"
41,Gatotkaca,Uranus,3.059999943,D,Tank,Exp Lane,Regen
41,Gatotkaca,Balmond,2.309999943,D,Fighter,"Jungle, Exp Lane","Damage, Regen"
41,Gatotkaca,Mathilda,2.058000088,D,"Support, Assassin",Roam,"Initiator, Guard"
41,Gatotkaca,Floryn,0.893999994,S,Support,Roam,"Poke, Guard"
41,Gatotkaca,Granger,0.828999996,B,Marksman,Gold Lane,"Burst, Finisher"
41,Gatotkaca,Diggie,0.298999995,S,Support,Roam,"Guard, Poke"
41,Gatotkaca,Baxia,0,D,Tank,Jungle,"Support, Damage"
42,Harley,Lolita,6.965000153,C,"Support, Tank",Roam,"Guard, Crowd Control"
42,Harley,Sun,6.934000015,B,Fighter,"Exp Lane, Jungle","Push, Damage"
42,Harley,Popol and Kupa,5.453999996,D,Marksman,"Jungle, Gold Lane","Push, Burst"
42,Harley,Eudora,5.388999939,C,Mage,Mid Lane,"Control, Burst"
42,Harley,Gloo,2.99000001,SS,Tank,"Exp Lane, Roam","Regen, Control"
42,Harley,Chip,1.105000019,D,"Support, Tank",Roam,"Support, Crowd Control"
42,Harley,Saber,1.031999946,A,Assassin,"Jungle, Roam","Charge, Finisher"
43,Irithel,Brody,7.02699995,D,Marksman,Gold Lane,"Burst, Finisher"
43,Irithel,Miya,5.513000011,D,Marksman,Gold Lane,"Finisher, Damage"
43,Irithel,Bruno,5.289999962,D,Marksman,Gold Lane,"Finisher, Burst"
43,Irithel,Fredrinn,2.640000105,S,"Fighter, Tank",Jungle,"Damage, Chase"
43,Irithel,Eudora,2.523999929,C,Mage,Mid Lane,"Control, Burst"
43,Irithel,Karina,2.349999905,D,Assassin,Jungle,"Finisher, Magic Damage"
43,Irithel,Layla,1.394999981,D,Marksman,Gold Lane,"Finisher, Damage"
43,Irithel,Saber,0.986000001,A,Assassin,"Jungle, Roam","Charge, Finisher"
43,Irithel,Cyclops,0.210999995,C,Mage,Mid Lane,"Damage, Control"
43,Irithel,Lunox,0.174999997,D,Mage,Mid Lane,"Burst, Damage"
43,Irithel,Faramis,0.172999993,D,"Support, Mage",Mid Lane,"Guard, Charge"
44,Grock,Esmeralda,5.888999939,D,"Tank, Mage",Exp Lane,"Regen, Mixed Damage"
44,Grock,Alice,4.978000164,SS,"Tank, Mage","Exp Lane, Jungle","Charge, Regen"
44,Grock,Uranus,3.427999973,D,Tank,Exp Lane,Regen
44,Grock,Joy,1.879999995,C,Assassin,Jungle,"Chase, Damage"
44,Grock,Natalia,1.850000024,C,Assassin,"Jungle, Roam","Chase, Finisher"
44,Grock,Angela,1.182000041,SS,Support,Roam,"Guard, Support"
44,Grock,Faramis,1.044999957,D,"Support, Mage",Mid Lane,"Guard, Charge"
44,Grock,Hanzo,0.455000013,C,Assassin,Jungle,"Poke, Burst"
44,Grock,Kaja,0.354000002,D,"Support, Fighter",Roam,"Control, Charge"
44,Grock,Terizla,0.238000005,D,"Fighter, Tank",Exp Lane,"Burst, Crowd Control"
44,Grock,Chip,0.230000004,D,"Support, Tank",Roam,"Support, Crowd Control"
44,Grock,Claude,0.163000003,D,Marksman,Gold Lane,"Burst, Chase"
45,Argus,Ruby,7.415999889,C,Fighter,Exp Lane,"Crowd Control, Regen"
45,Argus,Esmeralda,7.301000118,D,"Tank, Mage",Exp Lane,"Regen, Mixed Damage"
45,Argus,Fredrinn,5.489999771,S,"Fighter, Tank",Jungle,"Damage, Chase"
45,Argus,Terizla,5.25,D,"Fighter, Tank",Exp Lane,"Burst, Crowd Control"
45,Argus,Barats,4.659999847,D,"Tank, Fighter",Jungle,"Damage, Crowd Control"
45,Argus,Lapu-Lapu,0.764999986,A,Fighter,Exp Lane,"Chase, Burst"
45,Argus,Uranus,0.254000008,D,Tank,Exp Lane,Regen
45,Argus,Phoveus,0.219999999,C,Fighter,Exp Lane,"Regen, Damage"
46,Odette,Barats,6.147999763,D,"Tank, Fighter",Jungle,"Damage, Crowd Control"
46,Odette,Vale,6.137000084,D,Mage,Mid Lane,"Burst, Crowd Control"
46,Odette,Nana,4.90199995,D,Mage,Mid Lane,"Poke, Burst"
46,Odette,Gloo,2.609999895,SS,Tank,"Exp Lane, Roam","Regen, Control"
46,Odette,Alpha,2.519999981,D,Fighter,"Jungle, Exp Lane","Charge, Damage"
46,Odette,Fredrinn,1.575000048,S,"Fighter, Tank",Jungle,"Damage, Chase"
46,Odette,Argus,1.220000029,D,Fighter,Exp Lane,"Charge, Burst"
46,Odette,Gatotkaca,0.782000005,C,"Tank, Fighter","Roam, Exp Lane","Crowd Control, Burst"
46,Odette,Phoveus,0.34799999,C,Fighter,Exp Lane,"Regen, Damage"
46,Odette,Edith,0.172999993,D,"Tank, Marksman","Exp Lane, Roam","Control, Burst"
46,Odette,Minotaur,0.166999996,B,"Tank, Support",Roam,Crowd Control
47,Lancelot,Cyclops,3.855000019,C,Mage,Mid Lane,"Damage, Control"
47,Lancelot,Cici,3.707000017,S,Fighter,Exp Lane,"Damage, Regen"
47,Lancelot,Angela,3.694999933,SS,Support,Roam,"Guard, Support"
47,Lancelot,Suyou,3.214999914,D,"Assassin, Fighter",Jungle,"Chase, Burst"
47,Lancelot,Floryn,2.019999981,S,Support,Roam,"Poke, Guard"
47,Lancelot,Alucard,1.718999982,B,"Fighter, Assassin",Jungle,"Chase, Damage"
47,Lancelot,Saber,0.837000012,A,Assassin,"Jungle, Roam","Charge, Finisher"
47,Lancelot,Mathilda,0.279000014,D,"Support, Assassin",Roam,"Initiator, Guard"
47,Lancelot,Yve,0.237000003,C,Mage,Mid Lane,"Poke, Burst"
47,Lancelot,Bruno,0.181999996,D,Marksman,Gold Lane,"Finisher, Burst"
48,Diggie,Hanzo,7.315999985,C,Assassin,Jungle,"Poke, Burst"
48,Diggie,Sun,6.946000099,B,Fighter,"Exp Lane, Jungle","Push, Damage"
48,Diggie,Chang'e,5.340000153,D,Mage,Mid Lane,"Poke, Burst"
48,Diggie,Ixia,5.199999809,A,Marksman,Gold Lane,"Finisher, Damage"
48,Diggie,Estes,4.751999855,B,Support,Roam,"Regen, Guard"
48,Diggie,Zhask,1.61500001,D,Mage,Mid Lane,"Chase, Damage"
48,Diggie,Yin,1.605000019,C,"Fighter, Assassin","Jungle, Exp Lane","Burst, Control"
48,Diggie,Fanny,0.921000004,B,Assassin,Jungle,"Chase, Finisher"
48,Diggie,Freya,0.70599997,C,Fighter,"Exp Lane, Jungle","Chase, Damage"
48,Diggie,Esmeralda,0.575999975,D,"Tank, Mage",Exp Lane,"Regen, Mixed Damage"
48,Diggie,Natan,0.572000027,B,Marksman,Gold Lane,"Burst, Magic Damage"
48,Diggie,Layla,0.569999993,D,Marksman,Gold Lane,"Finisher, Damage"
48,Diggie,Balmond,0.493999988,D,Fighter,"Jungle, Exp Lane","Damage, Regen"
48,Diggie,Beatrix,0.409000009,D,Marksman,Gold Lane,"Finisher, Damage"
48,Diggie,Masha,0.25999999,C,"Fighter, Tank",Exp Lane,"Push, Damage"
48,Diggie,Zilong,0,D,"Fighter, Assassin",Exp Lane,"Chase, Damage"
49,Hylos,X.Borg,5.355999947,B,Fighter,Exp Lane,"Regen, Burst"
49,Hylos,Kimmy,4.037000179,C,"Marksman, Mage","Gold Lane, Mid Lane","Damage, Magic Damage"
49,Hylos,Cici,3.450999975,S,Fighter,Exp Lane,"Damage, Regen"
49,Hylos,Yve,2.066999912,C,Mage,Mid Lane,"Poke, Burst"
49,Hylos,Gloo,1.970000029,SS,Tank,"Exp Lane, Roam","Regen, Control"
49,Hylos,Rafaela,1.577000022,B,Support,Roam,"Regen, Guard"
49,Hylos,Valir,1.164999962,D,Mage,Mid Lane,"Damage, Guard"
49,Hylos,Karrie,0.717000008,D,Marksman,Gold Lane,"Finisher, Damage"
49,Hylos,Mathilda,0.555999994,D,"Support, Assassin",Roam,"Initiator, Guard"
49,Hylos,Alice,0.483999997,SS,"Tank, Mage","Exp Lane, Jungle","Charge, Regen"
49,Hylos,Wanwan,0.232999995,C,Marksman,Gold Lane,"Finisher, Burst"
50,Zhask,Alice,6.03399992,SS,"Tank, Mage","Exp Lane, Jungle","Charge, Regen"
50,Zhask,Belerick,5.264999866,B,Tank,Roam,"Crowd Control, Regen"
50,Zhask,Natan,4.993000031,B,Marksman,Gold Lane,"Burst, Magic Damage"
50,Zhask,Baxia,3.674999952,D,Tank,Jungle,"Support, Damage"
50,Zhask,Ruby,3.315999985,C,Fighter,Exp Lane,"Crowd Control, Regen"
50,Zhask,Sun,1.307999969,B,Fighter,"Exp Lane, Jungle","Push, Damage"
50,Zhask,Aulus,0.639999986,D,Fighter,Jungle,"Damage, Crowd Control"
50,Zhask,Barats,0.155000001,D,"Tank, Fighter",Jungle,"Damage, Crowd Control"
50,Zhask,Chip,0.149000004,D,"Support, Tank",Roam,"Support, Crowd Control"
51,Helcurt,Karina,7.416999817,D,Assassin,Jungle,"Finisher, Magic Damage"
51,Helcurt,Natalia,6.078999996,C,Assassin,"Jungle, Roam","Chase, Finisher"
51,Helcurt,Aldous,5.702000141,D,Fighter,Exp Lane,"Burst, Support"
51,Helcurt,Eudora,5.43599987,C,Mage,Mid Lane,"Control, Burst"
51,Helcurt,Zilong,2.849999905,D,"Fighter, Assassin",Exp Lane,"Chase, Damage"
51,Helcurt,Brody,2.204999924,D,Marksman,Gold Lane,"Burst, Finisher"
51,Helcurt,Masha,0.246999994,C,"Fighter, Tank",Exp Lane,"Push, Damage"
52,Pharsa,Natalia,4.250999928,C,Assassin,"Jungle, Roam","Chase, Finisher"
52,Pharsa,Masha,3.905999899,C,"Fighter, Tank",Exp Lane,"Push, Damage"
52,Pharsa,Hanzo,2.546000004,C,Assassin,Jungle,"Poke, Burst"
52,Pharsa,Yin,2.496999979,C,"Fighter, Assassin","Jungle, Exp Lane","Burst, Control"
52,Pharsa,Gloo,1.753999949,SS,Tank,"Exp Lane, Roam","Regen, Control"
52,Pharsa,Benedetta,0.822000027,D,"Assassin, Fighter",Exp Lane,"Chase, Burst"
52,Pharsa,Claude,0.381999999,D,Marksman,Gold Lane,"Burst, Chase"
52,Pharsa,Valentina,0.202999994,D,Mage,Mid Lane,"Burst, Finisher"
52,Pharsa,Irithel,0.116999999,C,Marksman,Gold Lane,"Finisher, Burst"
53,Lesley,Sun,6.617000103,B,Fighter,"Exp Lane, Jungle","Push, Damage"
53,Lesley,Estes,6.605999947,B,Support,Roam,"Regen, Guard"
53,Lesley,Gloo,5.756999969,SS,Tank,"Exp Lane, Roam","Regen, Control"
53,Lesley,Popol and Kupa,5.086999893,D,Marksman,"Jungle, Gold Lane","Push, Burst"
53,Lesley,Melissa,2.180000067,D,Marksman,Gold Lane,"Finisher, Damage"
53,Lesley,Rafaela,1.832000017,B,Support,Roam,"Regen, Guard"
53,Lesley,Angela,0.192000002,SS,Support,Roam,"Guard, Support"
54,Jawhead,Sun,6.887000084,B,Fighter,"Exp Lane, Jungle","Push, Damage"
54,Jawhead,Gloo,5.318999767,SS,Tank,"Exp Lane, Roam","Regen, Control"
54,Jawhead,Esmeralda,5.138999939,D,"Tank, Mage",Exp Lane,"Regen, Mixed Damage"
54,Jawhead,Popol and Kupa,3.538000107,D,Marksman,"Jungle, Gold Lane","Push, Burst"
54,Jawhead,Aamon,2.190000057,SS,Assassin,Jungle,"Chase, Magic Damage"
54,Jawhead,Lolita,1.720000029,C,"Support, Tank",Roam,"Guard, Crowd Control"
54,Jawhead,Chip,0.374000013,D,"Support, Tank",Roam,"Support, Crowd Control"
54,Jawhead,Khufra,0.141000003,D,Tank,Roam,"Initiator, Crowd Control"
54,Jawhead,Hylos,0.136000007,D,Tank,Roam,"Guard, Initiator"
55,Angela,Lolita,6.447000027,C,"Support, Tank",Roam,"Guard, Crowd Control"
55,Angela,Franco,5.22300005,B,Tank,Roam,"Initiator, Control"
55,Angela,Yin,5.201000214,C,"Fighter, Assassin","Jungle, Exp Lane","Burst, Control"
55,Angela,Zilong,5.005000114,D,"Fighter, Assassin",Exp Lane,"Chase, Damage"
55,Angela,Silvanna,4.449999809,C,Fighter,Exp Lane,"Initiator, Magic Damage"
55,Angela,Minsitthar,0.135000005,C,Fighter,"Exp Lane, Roam","Initiator, Crowd Control"
56,Gusion,Eudora,4.690999985,C,Mage,Mid Lane,"Control, Burst"
56,Gusion,Lolita,4.472000122,C,"Support, Tank",Roam,"Guard, Crowd Control"
56,Gusion,Gloo,2.160000086,SS,Tank,"Exp Lane, Roam","Regen, Control"
56,Gusion,Zhask,1.932000041,D,Mage,Mid Lane,"Chase, Damage"
56,Gusion,Ruby,1.779999971,C,Fighter,Exp Lane,"Crowd Control, Regen"
56,Gusion,Alucard,1.470999956,B,"Fighter, Assassin",Jungle,"Chase, Damage"
56,Gusion,Chip,1.143000007,D,"Support, Tank",Roam,"Support, Crowd Control"
56,Gusion,Hilda,0.75,S,"Fighter, Tank","Roam, Exp Lane","Damage, Regen"
56,Gusion,Saber,0.384000003,A,Assassin,"Jungle, Roam","Charge, Finisher"
56,Gusion,Popol and Kupa,0.261999995,D,Marksman,"Jungle, Gold Lane","Push, Burst"
56,Gusion,Roger,0.158999994,D,"Fighter, Marksman",Jungle,"Finisher, Burst"
57,Valir,Helcurt,4.769000053,A,Assassin,Jungle,"Push, Burst"
57,Valir,Rafaela,4.639999866,B,Support,Roam,"Regen, Guard"
57,Valir,X.Borg,4.517000198,B,Fighter,Exp Lane,"Regen, Burst"
57,Valir,Benedetta,3.980999947,D,"Assassin, Fighter",Exp Lane,"Chase, Burst"
57,Valir,Ling,3.453000069,D,Assassin,Jungle,"Chase, Burst"
57,Valir,Lolita,1.756000042,C,"Support, Tank",Roam,"Guard, Crowd Control"
57,Valir,Yve,0.38499999,C,Mage,Mid Lane,"Poke, Burst"
57,Valir,Diggie,0.241999999,S,Support,Roam,"Guard, Poke"
57,Valir,Harley,0.232999995,C,"Assassin, Mage",Jungle,"Burst, Poke"
58,Martis,X.Borg,7.730999947,B,Fighter,Exp Lane,"Regen, Burst"
58,Martis,Minsitthar,4.380000114,C,Fighter,"Exp Lane, Roam","Initiator, Crowd Control"
58,Martis,Balmond,4.353000164,D,Fighter,"Jungle, Exp Lane","Damage, Regen"
58,Martis,Kaja,2.482000113,D,"Support, Fighter",Roam,"Control, Charge"
58,Martis,Alice,1.860000014,SS,"Tank, Mage","Exp Lane, Jungle","Charge, Regen"
58,Martis,Lesley,1.171000004,C,"Marksman, Assassin",Gold Lane,"Finisher, Burst"
58,Martis,Novaria,0.790000021,D,Mage,Mid Lane,"Burst, Poke"
58,Martis,Phoveus,0.250999987,C,Fighter,Exp Lane,"Regen, Damage"
58,Martis,Uranus,0.114,D,Tank,Exp Lane,Regen
59,Uranus,Dyrroth,5.835999966,D,Fighter,"Exp Lane, Jungle","Charge, Burst"
59,Uranus,Estes,5.248000145,B,Support,Roam,"Regen, Guard"
59,Uranus,Ixia,5.248000145,A,Marksman,Gold Lane,"Finisher, Damage"
59,Uranus,Aulus,4.581999779,D,Fighter,Jungle,"Damage, Crowd Control"
59,Uranus,Karrie,2.808000088,D,Marksman,Gold Lane,"Finisher, Damage"
59,Uranus,Alpha,2.680000067,D,Fighter,"Jungle, Exp Lane","Charge, Damage"
59,Uranus,Angela,0.958999991,SS,Support,Roam,"Guard, Support"
59,Uranus,Yve,0.291000009,C,Mage,Mid Lane,"Poke, Burst"
59,Uranus,Kimmy,0.231999993,C,"Marksman, Mage","Gold Lane, Mid Lane","Damage, Magic Damage"
60,Hanabi,Lolita,4.565999985,C,"Support, Tank",Roam,"Guard, Crowd Control"
60,Hanabi,Beatrix,4.539999962,D,Marksman,Gold Lane,"Finisher, Damage"
60,Hanabi,Esmeralda,2.859999895,D,"Tank, Mage",Exp Lane,"Regen, Mixed Damage"
60,Hanabi,Lylia,2.5,D,Mage,Mid Lane,"Push, Damage"
60,Hanabi,Yve,2.279999971,C,Mage,Mid Lane,"Poke, Burst"
60,Hanabi,Granger,1.824000001,B,Marksman,Gold Lane,"Burst, Finisher"
60,Hanabi,Natalia,1.697000027,C,Assassin,"Jungle, Roam","Chase, Finisher"
60,Hanabi,Gatotkaca,0.99000001,C,"Tank, Fighter","Roam, Exp Lane","Crowd Control, Burst"
60,Hanabi,Ixia,0.824000001,A,Marksman,Gold Lane,"Finisher, Damage"
60,Hanabi,Belerick,0,B,Tank,Roam,"Crowd Control, Regen"
61,Chang'e,Lolita,9,C,"Support, Tank",Roam,"Guard, Crowd Control"
61,Chang'e,Baxia,4.120999813,D,Tank,Jungle,"Support, Damage"
61,Chang'e,Gloo,3.980000019,SS,Tank,"Exp Lane, Roam","Regen, Control"
61,Chang'e,Esmeralda,3.015000105,D,"Tank, Mage",Exp Lane,"Regen, Mixed Damage"
61,Chang'e,Irithel,2.194000006,C,Marksman,Gold Lane,"Finisher, Burst"
61,Chang'e,Popol and Kupa,1.669999957,D,Marksman,"Jungle, Gold Lane","Push, Burst"
61,Chang'e,Kimmy,0.298000008,C,"Marksman, Mage","Gold Lane, Mid Lane","Damage, Magic Damage"
61,Chang'e,Chip,0.180000007,D,"Support, Tank",Roam,"Support, Crowd Control"
61,Chang'e,Zhuxin,0.157000005,C,Mage,Mid Lane,"Damage, Crowd Control"
61,Chang'e,Claude,0.153999999,D,Marksman,Gold Lane,"Burst, Chase"
61,Chang'e,Hayabusa,0.143999994,SS,Assassin,Jungle,"Chase, Burst"
62,Kaja,Cyclops,3.499000072,C,Mage,Mid Lane,"Damage, Control"
62,Kaja,Odette,3.253999949,D,Mage,Mid Lane,"Burst, Poke"
62,Kaja,Hanzo,2.226999998,C,Assassin,Jungle,"Poke, Burst"
62,Kaja,Chip,2.176000118,D,"Support, Tank",Roam,"Support, Crowd Control"
62,Kaja,Ruby,1.720000029,C,Fighter,Exp Lane,"Crowd Control, Regen"
62,Kaja,Estes,1.389999986,B,Support,Roam,"Regen, Guard"
62,Kaja,Sun,1.180999994,B,Fighter,"Exp Lane, Jungle","Push, Damage"
62,Kaja,Layla,1.029999971,D,Marksman,Gold Lane,"Finisher, Damage"
62,Kaja,Uranus,0.5,D,Tank,Exp Lane,Regen
62,Kaja,Edith,0.463999987,D,"Tank, Marksman","Exp Lane, Roam","Control, Burst"
62,Kaja,Popol and Kupa,0.40200001,D,Marksman,"Jungle, Gold Lane","Push, Burst"
62,Kaja,Suyou,0.39199999,D,"Assassin, Fighter",Jungle,"Chase, Burst"
62,Kaja,Zetian,0.287999988,C,Mage,Mid Lane,"Damage, Crowd Control"
62,Kaja,Masha,0.194999993,C,"Fighter, Tank",Exp Lane,"Push, Damage"
62,Kaja,Diggie,0.191,S,Support,Roam,"Guard, Poke"
62,Kaja,Rafaela,0.186000004,B,Support,Roam,"Regen, Guard"
63,Selena,Popol and Kupa,4.984000206,D,Marksman,"Jungle, Gold Lane","Push, Burst"
63,Selena,Gloo,4.647999763,SS,Tank,"Exp Lane, Roam","Regen, Control"
63,Selena,Wanwan,2.823999882,C,Marksman,Gold Lane,"Finisher, Burst"
63,Selena,Sun,2.809999943,B,Fighter,"Exp Lane, Jungle","Push, Damage"
63,Selena,Zhask,2.631999969,D,Mage,Mid Lane,"Chase, Damage"
63,Selena,Chip,1.251999974,D,"Support, Tank",Roam,"Support, Crowd Control"
63,Selena,Phoveus,0.819999993,C,Fighter,Exp Lane,"Regen, Damage"
63,Selena,Khufra,0.356999993,D,Tank,Roam,"Initiator, Crowd Control"
63,Selena,Miya,0.331999987,D,Marksman,Gold Lane,"Finisher, Damage"
63,Selena,Diggie,0.307000011,S,Support,Roam,"Guard, Poke"
63,Selena,Masha,0.250999987,C,"Fighter, Tank",Exp Lane,"Push, Damage"
64,Aldous,Esmeralda,6.107999802,D,"Tank, Mage",Exp Lane,"Regen, Mixed Damage"
64,Aldous,Lukas,5.890999794,D,Fighter,"Exp Lane, Jungle","Regen, Damage"
64,Aldous,Melissa,5.55700016,D,Marksman,Gold Lane,"Finisher, Damage"
64,Aldous,Karina,4.570000172,D,Assassin,Jungle,"Finisher, Magic Damage"
64,Aldous,Aulus,4.565999985,D,Fighter,Jungle,"Damage, Crowd Control"
64,Aldous,Valentina,0.560000002,D,Mage,Mid Lane,"Burst, Finisher"
64,Aldous,Freya,0.411000013,C,Fighter,"Exp Lane, Jungle","Chase, Damage"
64,Aldous,Angela,0.363999993,SS,Support,Roam,"Guard, Support"
64,Aldous,Zhuxin,0.218999997,C,Mage,Mid Lane,"Damage, Crowd Control"
64,Aldous,Estes,0.160999998,B,Support,Roam,"Regen, Guard"
65,Claude,Lesley,9.595999718,C,"Marksman, Assassin",Gold Lane,"Finisher, Burst"
65,Claude,Bruno,5.737999916,D,Marksman,Gold Lane,"Finisher, Burst"
65,Claude,Natalia,4.710000038,C,Assassin,"Jungle, Roam","Chase, Finisher"
65,Claude,Aulus,4.019999981,D,Fighter,Jungle,"Damage, Crowd Control"
65,Claude,Aamon,2.579999924,SS,Assassin,Jungle,"Chase, Magic Damage"
65,Claude,Cyclops,1.98300004,C,Mage,Mid Lane,"Damage, Control"
65,Claude,Brody,0.940999985,D,Marksman,Gold Lane,"Burst, Finisher"
65,Claude,Edith,0.418000013,D,"Tank, Marksman","Exp Lane, Roam","Control, Burst"
65,Claude,Chip,0.273999989,D,"Support, Tank",Roam,"Support, Crowd Control"
65,Claude,Faramis,0.26699999,D,"Support, Mage",Mid Lane,"Guard, Charge"
65,Claude,Zhuxin,0.239999995,C,Mage,Mid Lane,"Damage, Crowd Control"
66,Vale,Gloo,3.970999956,SS,Tank,"Exp Lane, Roam","Regen, Control"
66,Vale,Alice,3.063999891,SS,"Tank, Mage","Exp Lane, Jungle","Charge, Regen"
66,Vale,Ling,2.226000071,D,Assassin,Jungle,"Chase, Burst"
66,Vale,Khaleed,2.121999979,D,Fighter,"Exp Lane, Roam","Damage, Regen"
66,Vale,Valentina,1.929999948,D,Mage,Mid Lane,"Burst, Finisher"
66,Vale,Lapu-Lapu,1.172000051,A,Fighter,Exp Lane,"Chase, Burst"
66,Vale,Natalia,0.950999975,C,Assassin,"Jungle, Roam","Chase, Finisher"
66,Vale,Terizla,0.680000007,D,"Fighter, Tank",Exp Lane,"Burst, Crowd Control"
66,Vale,Hilda,0.404000014,S,"Fighter, Tank","Roam, Exp Lane","Damage, Regen"
66,Vale,Chip,0.257999986,D,"Support, Tank",Roam,"Support, Crowd Control"
66,Vale,Benedetta,0.136000007,D,"Assassin, Fighter",Exp Lane,"Chase, Burst"
66,Vale,Uranus,0.133000001,D,Tank,Exp Lane,Regen
66,Vale,Zhuxin,0.131999999,C,Mage,Mid Lane,"Damage, Crowd Control"
66,Vale,Kadita,0.130999997,B,"Mage, Assassin",Mid Lane,"Burst, Charge"
67,Leomord,Hanzo,4.166999817,C,Assassin,Jungle,"Poke, Burst"
67,Leomord,Valir,3.825999975,D,Mage,Mid Lane,"Damage, Guard"
67,Leomord,Khufra,2.211999893,D,Tank,Roam,"Initiator, Crowd Control"
67,Leomord,Akai,1.620000005,D,Tank,Roam,"Guard, Crowd Control"
67,Leomord,Thamuz,1.590000033,B,Fighter,Exp Lane,"Chase, Damage"
67,Leomord,Novaria,1.378000021,D,Mage,Mid Lane,"Burst, Poke"
67,Leomord,Balmond,0.834999979,D,Fighter,"Jungle, Exp Lane","Damage, Regen"
67,Leomord,Esmeralda,0.805000007,D,"Tank, Mage",Exp Lane,"Regen, Mixed Damage"
67,Leomord,Melissa,0.671000004,D,Marksman,Gold Lane,"Finisher, Damage"
67,Leomord,Wanwan,0.619000018,C,Marksman,Gold Lane,"Finisher, Burst"
67,Leomord,Yve,0.589999974,C,Mage,Mid Lane,"Poke, Burst"
67,Leomord,Clint,0.26699999,D,Marksman,Gold Lane,"Finisher, Burst"
67,Leomord,Suyou,0.252999991,D,"Assassin, Fighter",Jungle,"Chase, Burst"
67,Leomord,Claude,0.193000004,D,Marksman,Gold Lane,"Burst, Chase"
67,Leomord,Karrie,0.192000002,D,Marksman,Gold Lane,"Finisher, Damage"
67,Leomord,Hylos,0.182999998,D,Tank,Roam,"Guard, Initiator"
68,Lunox,Saber,4.070000172,A,Assassin,"Jungle, Roam","Charge, Finisher"
68,Lunox,Fredrinn,3.575000048,S,"Fighter, Tank",Jungle,"Damage, Chase"
68,Lunox,Ruby,3.486000061,C,Fighter,Exp Lane,"Crowd Control, Regen"
68,Lunox,Guinevere,2.984999895,C,Fighter,Exp Lane,"Burst, Magic Damage"
68,Lunox,Estes,2.165999889,B,Support,Roam,"Regen, Guard"
68,Lunox,Barats,1.105000019,D,"Tank, Fighter",Jungle,"Damage, Crowd Control"
68,Lunox,Zhask,0.541999996,D,Mage,Mid Lane,"Chase, Damage"
68,Lunox,Clint,0.448000014,D,Marksman,Gold Lane,"Finisher, Burst"
68,Lunox,Masha,0.421000004,C,"Fighter, Tank",Exp Lane,"Push, Damage"
68,Lunox,Edith,0.34799999,D,"Tank, Marksman","Exp Lane, Roam","Control, Burst"
68,Lunox,Faramis,0.321999997,D,"Support, Mage",Mid Lane,"Guard, Charge"
68,Lunox,Aulus,0.216000006,D,Fighter,Jungle,"Damage, Crowd Control"
68,Lunox,Odette,0.187000006,D,Mage,Mid Lane,"Burst, Poke"
68,Lunox,Lukas,0.179000005,D,Fighter,"Exp Lane, Jungle","Regen, Damage"
68,Lunox,Eudora,0,C,Mage,Mid Lane,"Control, Burst"
69,Hanzo,Natalia,13.74600029,C,Assassin,"Jungle, Roam","Chase, Finisher"
69,Hanzo,Ling,6.425000191,D,Assassin,Jungle,"Chase, Burst"
69,Hanzo,Sun,4.925000191,B,Fighter,"Exp Lane, Jungle","Push, Damage"
69,Hanzo,Helcurt,3.957999945,A,Assassin,Jungle,"Push, Burst"
69,Hanzo,Zilong,2.839999914,D,"Fighter, Assassin",Exp Lane,"Chase, Damage"
69,Hanzo,Aldous,2.056999922,D,Fighter,Exp Lane,"Burst, Support"
69,Hanzo,Aamon,1.559999943,SS,Assassin,Jungle,"Chase, Magic Damage"
69,Hanzo,Moskov,0.884000003,D,Marksman,Gold Lane,"Finisher, Chase"
69,Hanzo,Harley,0.536000013,C,"Assassin, Mage",Jungle,"Burst, Poke"
69,Hanzo,Yin,0.268000007,C,"Fighter, Assassin","Jungle, Exp Lane","Burst, Control"
69,Hanzo,Mathilda,0.25999999,D,"Support, Assassin",Roam,"Initiator, Guard"
69,Hanzo,Fanny,0.256999999,B,Assassin,Jungle,"Chase, Finisher"
70,Belerick,Lesley,5.584000111,C,"Marksman, Assassin",Gold Lane,"Finisher, Burst"
70,Belerick,X.Borg,5.465000153,B,Fighter,Exp Lane,"Regen, Burst"
70,Belerick,Estes,4.677000046,B,Support,Roam,"Regen, Guard"
70,Belerick,Xavier,4.614999771,D,Mage,Mid Lane,"Damage, Burst"
70,Belerick,Natalia,3.714999914,C,Assassin,"Jungle, Roam","Chase, Finisher"
70,Belerick,Clint,0.805000007,D,Marksman,Gold Lane,"Finisher, Burst"
70,Belerick,Diggie,0.375999987,S,Support,Roam,"Guard, Poke"
70,Belerick,Brody,0.287,D,Marksman,Gold Lane,"Burst, Finisher"
70,Belerick,Granger,0.231999993,B,Marksman,Gold Lane,"Burst, Finisher"
70,Belerick,Yve,0,C,Mage,Mid Lane,"Poke, Burst"
71,Kimmy,Lolita,9.166000366,C,"Support, Tank",Roam,"Guard, Crowd Control"
71,Kimmy,Karina,8.204999924,D,Assassin,Jungle,"Finisher, Magic Damage"
71,Kimmy,Natalia,4.222000122,C,Assassin,"Jungle, Roam","Chase, Finisher"
71,Kimmy,Odette,4.136000156,D,Mage,Mid Lane,"Burst, Poke"
71,Kimmy,Belerick,3.579999924,B,Tank,Roam,"Crowd Control, Regen"
71,Kimmy,Arlott,0.526000023,B,"Fighter, Assassin",Exp Lane,"Charge, Burst"
71,Kimmy,Harley,0.428000003,C,"Assassin, Mage",Jungle,"Burst, Poke"
71,Kimmy,Hayabusa,0.202999994,SS,Assassin,Jungle,"Chase, Burst"
71,Kimmy,Eudora,0.199000001,C,Mage,Mid Lane,"Control, Burst"
71,Kimmy,Diggie,0,S,Support,Roam,"Guard, Poke"
72,Thamuz,Cici,7.232999802,S,Fighter,Exp Lane,"Damage, Regen"
72,Thamuz,Valir,5.821000099,D,Mage,Mid Lane,"Damage, Guard"
72,Thamuz,Benedetta,4.19299984,D,"Assassin, Fighter",Exp Lane,"Chase, Burst"
72,Thamuz,Wanwan,4.020999908,C,Marksman,Gold Lane,"Finisher, Burst"
72,Thamuz,Rafaela,2.430000067,B,Support,Roam,"Regen, Guard"
72,Thamuz,X.Borg,1.325000048,B,Fighter,Exp Lane,"Regen, Burst"
72,Thamuz,Baxia,0.861000001,D,Tank,Jungle,"Support, Damage"
72,Thamuz,Chip,0.141000003,D,"Support, Tank",Roam,"Support, Crowd Control"
73,Harith,Phoveus,8.137999535,C,Fighter,Exp Lane,"Regen, Damage"
73,Harith,Popol and Kupa,5.651000023,D,Marksman,"Jungle, Gold Lane","Push, Burst"
73,Harith,Minsitthar,5.076000214,C,Fighter,"Exp Lane, Roam","Initiator, Crowd Control"
73,Harith,Edith,4.984000206,D,"Tank, Marksman","Exp Lane, Roam","Control, Burst"
73,Harith,Cyclops,2.769999981,C,Mage,Mid Lane,"Damage, Control"
73,Harith,Freya,1.139999986,C,Fighter,"Exp Lane, Jungle","Chase, Damage"
73,Harith,Karrie,0.463999987,D,Marksman,Gold Lane,"Finisher, Damage"
73,Harith,Carmilla,0.370000005,D,"Support, Tank",Roam,"Crowd Control, Damage"
73,Harith,Diggie,0.27700001,S,Support,Roam,"Guard, Poke"
73,Harith,Brody,0.273999989,D,Marksman,Gold Lane,"Burst, Finisher"
73,Harith,Leomord,0.252000004,D,Fighter,Jungle,"Chase, Burst"
73,Harith,Chip,0.237000003,D,"Support, Tank",Roam,"Support, Crowd Control"
73,Harith,Odette,0.221000001,D,Mage,Mid Lane,"Burst, Poke"
73,Harith,Alucard,0,B,"Fighter, Assassin",Jungle,"Chase, Damage"
74,Minsitthar,Natalia,5.343999863,C,Assassin,"Jungle, Roam","Chase, Finisher"
74,Minsitthar,Argus,4.56799984,D,Fighter,Exp Lane,"Charge, Burst"
74,Minsitthar,Belerick,4.390999794,B,Tank,Roam,"Crowd Control, Regen"
74,Minsitthar,Karina,2.569999933,D,Assassin,Jungle,"Finisher, Magic Damage"
74,Minsitthar,Irithel,2.279999971,C,Marksman,Gold Lane,"Finisher, Burst"
74,Minsitthar,Baxia,1.878000021,D,Tank,Jungle,"Support, Damage"
74,Minsitthar,Obsidia,1.256999969,B,Marksman,Gold Lane,"Finisher, Damage"
74,Minsitthar,Ling,0.194000006,D,Assassin,Jungle,"Chase, Burst"
74,Minsitthar,Faramis,0.185000002,D,"Support, Mage",Mid Lane,"Guard, Charge"
74,Minsitthar,Diggie,0.172999993,S,Support,Roam,"Guard, Poke"
74,Minsitthar,Yin,0.165000007,C,"Fighter, Assassin","Jungle, Exp Lane","Burst, Control"
74,Minsitthar,Gloo,0,SS,Tank,"Exp Lane, Roam","Regen, Control"
75,Kadita,Valentina,4.919000149,D,Mage,Mid Lane,"Burst, Finisher"
75,Kadita,Wanwan,4.511000156,C,Marksman,Gold Lane,"Finisher, Burst"
75,Kadita,Zhuxin,2.539999962,C,Mage,Mid Lane,"Damage, Crowd Control"
75,Kadita,Kaja,2.171999931,D,"Support, Fighter",Roam,"Control, Charge"
75,Kadita,Balmond,1.950000048,D,Fighter,"Jungle, Exp Lane","Damage, Regen"
75,Kadita,Alice,0.814999998,SS,"Tank, Mage","Exp Lane, Jungle","Charge, Regen"
75,Kadita,Kagura,0.800000012,D,Mage,Mid Lane,"Poke, Finisher"
75,Kadita,Cyclops,0.742999971,C,Mage,Mid Lane,"Damage, Control"
75,Kadita,Diggie,0.301999986,S,Support,Roam,"Guard, Poke"
75,Kadita,Faramis,0.298000008,D,"Support, Mage",Mid Lane,"Guard, Charge"
75,Kadita,Joy,0.223000005,C,Assassin,Jungle,"Chase, Damage"
75,Kadita,Irithel,0.165999994,C,Marksman,Gold Lane,"Finisher, Burst"
75,Kadita,Harith,0.159999996,D,Mage,"Gold Lane, Mid Lane","Chase, Damage"
76,Faramis,Estes,7.479000092,B,Support,Roam,"Regen, Guard"
76,Faramis,Floryn,4.897999763,S,Support,Roam,"Poke, Guard"
76,Faramis,Julian,4.706999779,C,"Assassin, Fighter",Jungle,"Chase, Magic Damage"
76,Faramis,Aulus,4.585000038,D,Fighter,Jungle,"Damage, Crowd Control"
76,Faramis,Luo Yi,3.34800005,D,Mage,Mid Lane,"Support, Crowd Control"
76,Faramis,Odette,1.674000025,D,Mage,Mid Lane,"Burst, Poke"
76,Faramis,Valentina,0.653999984,D,Mage,Mid Lane,"Burst, Finisher"
76,Faramis,Yve,0.483999997,C,Mage,Mid Lane,"Poke, Burst"
76,Faramis,Ruby,0.363000005,C,Fighter,Exp Lane,"Crowd Control, Regen"
76,Faramis,Natan,0.319999993,B,Marksman,Gold Lane,"Burst, Magic Damage"
76,Faramis,Edith,0.300999999,D,"Tank, Marksman","Exp Lane, Roam","Control, Burst"
76,Faramis,Kimmy,0.296999991,C,"Marksman, Mage","Gold Lane, Mid Lane","Damage, Magic Damage"
76,Faramis,Phoveus,0.216000006,C,Fighter,Exp Lane,"Regen, Damage"
76,Faramis,Angela,0.209999993,SS,Support,Roam,"Guard, Support"
77,Badang,Esmeralda,3.984999895,D,"Tank, Mage",Exp Lane,"Regen, Mixed Damage"
77,Badang,Lolita,3.948999882,C,"Support, Tank",Roam,"Guard, Crowd Control"
77,Badang,Phoveus,3.746000051,C,Fighter,Exp Lane,"Regen, Damage"
77,Badang,Alice,2.444999933,SS,"Tank, Mage","Exp Lane, Jungle","Charge, Regen"
77,Badang,Diggie,2.11500001,S,Support,Roam,"Guard, Poke"
77,Badang,Belerick,1.549000025,B,Tank,Roam,"Crowd Control, Regen"
77,Badang,Karina,0.870000005,D,Assassin,Jungle,"Finisher, Magic Damage"
77,Badang,Silvanna,0.301999986,C,Fighter,Exp Lane,"Initiator, Magic Damage"
77,Badang,Gatotkaca,0.298999995,C,"Tank, Fighter","Roam, Exp Lane","Crowd Control, Burst"
78,Khufra,Alice,5.051000118,SS,"Tank, Mage","Exp Lane, Jungle","Charge, Regen"
78,Khufra,Minotaur,4.263000011,B,"Tank, Support",Roam,Crowd Control
78,Khufra,Yi Sun-shin,4.169000149,SS,"Assassin, Marksman",Jungle,"Finisher, Chase"
78,Khufra,Balmond,3.74000001,D,Fighter,"Jungle, Exp Lane","Damage, Regen"
78,Khufra,Arlott,2.309999943,B,"Fighter, Assassin",Exp Lane,"Charge, Burst"
78,Khufra,Barats,2.200999975,D,"Tank, Fighter",Jungle,"Damage, Crowd Control"
78,Khufra,Faramis,1.15199995,D,"Support, Mage",Mid Lane,"Guard, Charge"
78,Khufra,Yve,0.572000027,C,Mage,Mid Lane,"Poke, Burst"
78,Khufra,X.Borg,0.479999989,B,Fighter,Exp Lane,"Regen, Burst"
78,Khufra,Diggie,0.441000015,S,Support,Roam,"Guard, Poke"
78,Khufra,Khaleed,0.439999998,D,Fighter,"Exp Lane, Roam","Damage, Regen"
78,Khufra,Kaja,0.333000004,D,"Support, Fighter",Roam,"Control, Charge"
78,Khufra,Leomord,0.319999993,D,Fighter,Jungle,"Chase, Burst"
78,Khufra,Chip,0.254000008,D,"Support, Tank",Roam,"Support, Crowd Control"
78,Khufra,Terizla,0.246999994,D,"Fighter, Tank",Exp Lane,"Burst, Crowd Control"
79,Granger,Fanny,6.531000137,B,Assassin,Jungle,"Chase, Finisher"
79,Granger,Hilda,4.181000233,S,"Fighter, Tank","Roam, Exp Lane","Damage, Regen"
79,Granger,Ling,3.872999907,D,Assassin,Jungle,"Chase, Burst"
79,Granger,Uranus,3.328000069,D,Tank,Exp Lane,Regen
79,Granger,Mathilda,2.451999903,D,"Support, Assassin",Roam,"Initiator, Guard"
79,Granger,Lolita,1.906000018,C,"Support, Tank",Roam,"Guard, Crowd Control"
79,Granger,Irithel,0.532999992,C,Marksman,Gold Lane,"Finisher, Burst"
79,Granger,Saber,0,A,Assassin,"Jungle, Roam","Charge, Finisher"
80,Guinevere,Masha,6.124000072,C,"Fighter, Tank",Exp Lane,"Push, Damage"
80,Guinevere,Khufra,5.90500021,D,Tank,Roam,"Initiator, Crowd Control"
80,Guinevere,Wanwan,5.867000103,C,Marksman,Gold Lane,"Finisher, Burst"
80,Guinevere,Argus,5.027999878,D,Fighter,Exp Lane,"Charge, Burst"
80,Guinevere,Miya,2.849999905,D,Marksman,Gold Lane,"Finisher, Damage"
80,Guinevere,Diggie,1.745000005,S,Support,Roam,"Guard, Poke"
80,Guinevere,Joy,0.275000006,C,Assassin,Jungle,"Chase, Damage"
80,Guinevere,Leomord,0.272000015,D,Fighter,Jungle,"Chase, Burst"
80,Guinevere,Benedetta,0.229000002,D,"Assassin, Fighter",Exp Lane,"Chase, Burst"
80,Guinevere,Lukas,0.206,D,Fighter,"Exp Lane, Jungle","Regen, Damage"
81,Esmeralda,Estes,5.303999901,B,Support,Roam,"Regen, Guard"
81,Esmeralda,Aulus,4.81400013,D,Fighter,Jungle,"Damage, Crowd Control"
81,Esmeralda,Alice,4.664999962,SS,"Tank, Mage","Exp Lane, Jungle","Charge, Regen"
81,Esmeralda,Fredrinn,4.485000134,S,"Fighter, Tank",Jungle,"Damage, Chase"
81,Esmeralda,Lunox,3.105999947,D,Mage,Mid Lane,"Burst, Damage"
81,Esmeralda,Dyrroth,2.470000029,D,Fighter,"Exp Lane, Jungle","Charge, Burst"
81,Esmeralda,Karrie,1.131000042,D,Marksman,Gold Lane,"Finisher, Damage"
81,Esmeralda,Ixia,0.671999991,A,Marksman,Gold Lane,"Finisher, Damage"
81,Esmeralda,Julian,0.423000008,C,"Assassin, Fighter",Jungle,"Chase, Magic Damage"
81,Esmeralda,Atlas,0.224000007,D,Tank,Roam,"Crowd Control, Initiator"
82,Terizla,X.Borg,8.065999985,B,Fighter,Exp Lane,"Regen, Burst"
82,Terizla,Gord,4.05700016,D,Mage,Mid Lane,"Poke, Burst"
82,Terizla,Karrie,3.839999914,D,Marksman,Gold Lane,"Finisher, Damage"
82,Terizla,Yve,2.160000086,C,Mage,Mid Lane,"Poke, Burst"
82,Terizla,Alpha,1.909999967,D,Fighter,"Jungle, Exp Lane","Charge, Damage"
82,Terizla,Valir,1.879999995,D,Mage,Mid Lane,"Damage, Guard"
82,Terizla,Lesley,1.786999941,C,"Marksman, Assassin",Gold Lane,"Finisher, Burst"
82,Terizla,Diggie,0.187000006,S,Support,Roam,"Guard, Poke"
82,Terizla,Benedetta,0.162,D,"Assassin, Fighter",Exp Lane,"Chase, Burst"
83,X.Borg,Zilong,8.93500042,D,"Fighter, Assassin",Exp Lane,"Chase, Damage"
83,X.Borg,Valentina,7.860000134,D,Mage,Mid Lane,"Burst, Finisher"
83,X.Borg,Paquito,6.847000122,D,"Fighter, Assassin",Exp Lane,"Chase, Damage"
83,X.Borg,Joy,5.770999908,C,Assassin,Jungle,"Chase, Damage"
83,X.Borg,Benedetta,5.324999809,D,"Assassin, Fighter",Exp Lane,"Chase, Burst"
83,X.Borg,Ling,0.778999984,D,Assassin,Jungle,"Chase, Burst"
83,X.Borg,Helcurt,0.621999979,A,Assassin,Jungle,"Push, Burst"
83,X.Borg,Chou,0.56099999,D,Fighter,"Exp Lane, Roam","Chase, Control"
83,X.Borg,Faramis,0.294999987,D,"Support, Mage",Mid Lane,"Guard, Charge"
83,X.Borg,Mathilda,0,D,"Support, Assassin",Roam,"Initiator, Guard"
84,Ling,Natalia,9.057999611,C,Assassin,"Jungle, Roam","Chase, Finisher"
84,Ling,Karina,5.362999916,D,Assassin,Jungle,"Finisher, Magic Damage"
84,Ling,Aamon,4.892000198,SS,Assassin,Jungle,"Chase, Magic Damage"
84,Ling,Bruno,3.150000095,D,Marksman,Gold Lane,"Finisher, Burst"
84,Ling,Lesley,2.809999943,C,"Marksman, Assassin",Gold Lane,"Finisher, Burst"
84,Ling,Saber,2.736999989,A,Assassin,"Jungle, Roam","Charge, Finisher"
84,Ling,Cyclops,2.405999899,C,Mage,Mid Lane,"Damage, Control"
84,Ling,Valentina,1.027999997,D,Mage,Mid Lane,"Burst, Finisher"
84,Ling,Zilong,0.481999993,D,"Fighter, Assassin",Exp Lane,"Chase, Damage"
84,Ling,Chip,0.345999986,D,"Support, Tank",Roam,"Support, Crowd Control"
85,Dyrroth,Khufra,2.801000118,D,Tank,Roam,"Initiator, Crowd Control"
85,Dyrroth,Tigreal,2.556999922,D,Tank,Roam,Crowd Control
85,Dyrroth,Lylia,2.275000095,D,Mage,Mid Lane,"Push, Damage"
85,Dyrroth,Argus,1.93599999,D,Fighter,Exp Lane,"Charge, Burst"
85,Dyrroth,Ling,1.720000029,D,Assassin,Jungle,"Chase, Burst"
85,Dyrroth,Minsitthar,1.054999948,C,Fighter,"Exp Lane, Roam","Initiator, Crowd Control"
85,Dyrroth,Chip,0.595000029,D,"Support, Tank",Roam,"Support, Crowd Control"
85,Dyrroth,Johnson,0.200000003,D,"Tank, Support",Roam,"Support, Crowd Control"
85,Dyrroth,Masha,0.195999995,C,"Fighter, Tank",Exp Lane,"Push, Damage"
85,Dyrroth,Granger,0.077,B,Marksman,Gold Lane,"Burst, Finisher"
85,Dyrroth,Pharsa,0.061999999,D,Mage,Mid Lane,"Burst, Poke"
85,Dyrroth,Selena,0.061999999,D,"Assassin, Mage","Mid Lane, Roam","Initiator, Finisher"
85,Dyrroth,Silvanna,0.052999999,C,Fighter,Exp Lane,"Initiator, Magic Damage"
85,Dyrroth,Luo Yi,0,D,Mage,Mid Lane,"Support, Crowd Control"
85,Dyrroth,Benedetta,0,D,"Assassin, Fighter",Exp Lane,"Chase, Burst"
86,Lylia,Joy,3.319999933,C,Assassin,Jungle,"Chase, Damage"
86,Lylia,Rafaela,3.194999933,B,Support,Roam,"Regen, Guard"
86,Lylia,Mathilda,2.224999905,D,"Support, Assassin",Roam,"Initiator, Guard"
86,Lylia,Valentina,2.079999924,D,Mage,Mid Lane,"Burst, Finisher"
86,Lylia,Gloo,1.75999999,SS,Tank,"Exp Lane, Roam","Regen, Control"
86,Lylia,Guinevere,1.473999977,C,Fighter,Exp Lane,"Burst, Magic Damage"
86,Lylia,Saber,1.108999968,A,Assassin,"Jungle, Roam","Charge, Finisher"
86,Lylia,Wanwan,1.083999991,C,Marksman,Gold Lane,"Finisher, Burst"
86,Lylia,Yve,0.388999999,C,Mage,Mid Lane,"Poke, Burst"
86,Lylia,Harith,0.370000005,D,Mage,"Gold Lane, Mid Lane","Chase, Damage"
86,Lylia,Faramis,0.247999996,D,"Support, Mage",Mid Lane,"Guard, Charge"
86,Lylia,Khaleed,0.206,D,Fighter,"Exp Lane, Roam","Damage, Regen"
86,Lylia,Leomord,0.200000003,D,Fighter,Jungle,"Chase, Burst"
86,Lylia,Suyou,0.169,D,"Assassin, Fighter",Jungle,"Chase, Burst"
87,Baxia,X.Borg,10.5369997,B,Fighter,Exp Lane,"Regen, Burst"
87,Baxia,Lolita,4.630000114,C,"Support, Tank",Roam,"Guard, Crowd Control"
87,Baxia,Fanny,4.460000038,B,Assassin,Jungle,"Chase, Finisher"
87,Baxia,Granger,2.569999933,B,Marksman,Gold Lane,"Burst, Finisher"
87,Baxia,Benedetta,2.539999962,D,"Assassin, Fighter",Exp Lane,"Chase, Burst"
87,Baxia,Masha,2.375999928,C,"Fighter, Tank",Exp Lane,"Push, Damage"
87,Baxia,Xavier,1.254999995,D,Mage,Mid Lane,"Damage, Burst"
87,Baxia,Lesley,0.773999989,C,"Marksman, Assassin",Gold Lane,"Finisher, Burst"
87,Baxia,Kaja,0.616999984,D,"Support, Fighter",Roam,"Control, Charge"
87,Baxia,Karrie,0.493999988,D,Marksman,Gold Lane,"Finisher, Damage"
87,Baxia,Cici,0.294999987,S,Fighter,Exp Lane,"Damage, Regen"
87,Baxia,Clint,0.279000014,D,Marksman,Gold Lane,"Finisher, Burst"
88,Masha,Sun,9.149000168,B,Fighter,"Exp Lane, Jungle","Push, Damage"
88,Masha,Argus,8.779999733,D,Fighter,Exp Lane,"Charge, Burst"
88,Masha,Ruby,5.657000065,C,Fighter,Exp Lane,"Crowd Control, Regen"
88,Masha,Terizla,3.726999998,D,"Fighter, Tank",Exp Lane,"Burst, Crowd Control"
88,Masha,Popol and Kupa,3.619999886,D,Marksman,"Jungle, Gold Lane","Push, Burst"
88,Masha,Faramis,1.434999943,D,"Support, Mage",Mid Lane,"Guard, Charge"
88,Masha,Aamon,1.320000052,SS,Assassin,Jungle,"Chase, Magic Damage"
88,Masha,Aulus,0.569999993,D,Fighter,Jungle,"Damage, Crowd Control"
88,Masha,Akai,0.328999996,D,Tank,Roam,"Guard, Crowd Control"
88,Masha,Beatrix,0.26699999,D,Marksman,Gold Lane,"Finisher, Damage"
88,Masha,Lolita,0.259000003,C,"Support, Tank",Roam,"Guard, Crowd Control"
88,Masha,Chang'e,0.217999995,D,Mage,Mid Lane,"Poke, Burst"
88,Masha,Phoveus,0.204999998,C,Fighter,Exp Lane,"Regen, Damage"
88,Masha,Miya,0,D,Marksman,Gold Lane,"Finisher, Damage"
89,Wanwan,Phoveus,11.03600025,C,Fighter,Exp Lane,"Regen, Damage"
89,Wanwan,Bruno,6.278999805,D,Marksman,Gold Lane,"Finisher, Burst"
89,Wanwan,Cyclops,6.080999851,C,Mage,Mid Lane,"Damage, Control"
89,Wanwan,Karina,5.421000004,D,Assassin,Jungle,"Finisher, Magic Damage"
89,Wanwan,Lunox,4.866000175,D,Mage,Mid Lane,"Burst, Damage"
89,Wanwan,Masha,0.572000027,C,"Fighter, Tank",Exp Lane,"Push, Damage"
89,Wanwan,Zhask,0.312000006,D,Mage,Mid Lane,"Chase, Damage"
89,Wanwan,Zhuxin,0.291000009,C,Mage,Mid Lane,"Damage, Crowd Control"
89,Wanwan,Diggie,0.273999989,S,Support,Roam,"Guard, Poke"
89,Wanwan,Kaja,0.266000003,D,"Support, Fighter",Roam,"Control, Charge"
89,Wanwan,Odette,0.25999999,D,Mage,Mid Lane,"Burst, Poke"
90,Silvanna,Barats,6.708000183,D,"Tank, Fighter",Jungle,"Damage, Crowd Control"
90,Silvanna,Belerick,4.754000187,B,Tank,Roam,"Crowd Control, Regen"
90,Silvanna,Edith,4.68900013,D,"Tank, Marksman","Exp Lane, Roam","Control, Burst"
90,Silvanna,Terizla,4.580999851,D,"Fighter, Tank",Exp Lane,"Burst, Crowd Control"
90,Silvanna,Aurora,2.75999999,D,Mage,Mid Lane,"Crowd Control, Poke"
90,Silvanna,Benedetta,2.292000055,D,"Assassin, Fighter",Exp Lane,"Chase, Burst"
90,Silvanna,Baxia,0.460999995,D,Tank,Jungle,"Support, Damage"
90,Silvanna,Kalea,0.208000004,C,"Support, Fighter",Roam,"Control, Regen"
90,Silvanna,Ling,0.207000002,D,Assassin,Jungle,"Chase, Burst"
91,Cecilion,Hanzo,4.717999935,C,Assassin,Jungle,"Poke, Burst"
91,Cecilion,Hayabusa,3.673000097,SS,Assassin,Jungle,"Chase, Burst"
91,Cecilion,Yin,2.579999924,C,"Fighter, Assassin","Jungle, Exp Lane","Burst, Control"
91,Cecilion,Aamon,2.184999943,SS,Assassin,Jungle,"Chase, Magic Damage"
91,Cecilion,Gloo,1.659999967,SS,Tank,"Exp Lane, Roam","Regen, Control"
91,Cecilion,Ixia,1.129999995,A,Marksman,Gold Lane,"Finisher, Damage"
91,Cecilion,Natalia,0.344999999,C,Assassin,"Jungle, Roam","Chase, Finisher"
91,Cecilion,Leomord,0.165999994,D,Fighter,Jungle,"Chase, Burst"
91,Cecilion,Diggie,0.126000002,S,Support,Roam,"Guard, Poke"
91,Cecilion,Lunox,0.119000003,D,Mage,Mid Lane,"Burst, Damage"
92,Carmilla,Valentina,6.204999924,D,Mage,Mid Lane,"Burst, Finisher"
92,Carmilla,X.Borg,5.778999805,B,Fighter,Exp Lane,"Regen, Burst"
92,Carmilla,Benedetta,4.15500021,D,"Assassin, Fighter",Exp Lane,"Chase, Burst"
92,Carmilla,Mathilda,2.309999943,D,"Support, Assassin",Roam,"Initiator, Guard"
92,Carmilla,Natalia,2.049999952,C,Assassin,"Jungle, Roam","Chase, Finisher"
92,Carmilla,Diggie,1.343999982,S,Support,Roam,"Guard, Poke"
92,Carmilla,Novaria,1.184999943,D,Mage,Mid Lane,"Burst, Poke"
92,Carmilla,Hanzo,0.980000019,C,Assassin,Jungle,"Poke, Burst"
92,Carmilla,Fanny,0.92900002,B,Assassin,Jungle,"Chase, Finisher"
92,Carmilla,Ling,0.675999999,D,Assassin,Jungle,"Chase, Burst"
92,Carmilla,Xavier,0.213,D,Mage,Mid Lane,"Damage, Burst"
93,Atlas,Wanwan,7.909999847,C,Marksman,Gold Lane,"Finisher, Burst"
93,Atlas,Alice,7.131999969,SS,"Tank, Mage","Exp Lane, Jungle","Charge, Regen"
93,Atlas,Valentina,6.991000175,D,Mage,Mid Lane,"Burst, Finisher"
93,Atlas,Lancelot,6.383999825,SS,Assassin,Jungle,"Chase, Burst"
93,Atlas,Ling,3.170000076,D,Assassin,Jungle,"Chase, Burst"
93,Atlas,Diggie,2.266000032,S,Support,Roam,"Guard, Poke"
93,Atlas,Benedetta,2.003999949,D,"Assassin, Fighter",Exp Lane,"Chase, Burst"
93,Atlas,Fanny,0.361999989,B,Assassin,Jungle,"Chase, Finisher"
94,Popol and Kupa,Hanabi,7.527999878,C,Marksman,Gold Lane,"Finisher, Damage"
94,Popol and Kupa,Atlas,6.433000088,D,Tank,Roam,"Crowd Control, Initiator"
94,Popol and Kupa,Carmilla,6.334000111,D,"Support, Tank",Roam,"Crowd Control, Damage"
94,Popol and Kupa,Alice,5.221000195,SS,"Tank, Mage","Exp Lane, Jungle","Charge, Regen"
94,Popol and Kupa,Lapu-Lapu,3.993999958,A,Fighter,Exp Lane,"Chase, Burst"
94,Popol and Kupa,Sun,2.588000059,B,Fighter,"Exp Lane, Jungle","Push, Damage"
94,Popol and Kupa,Barats,0.588,D,"Tank, Fighter",Jungle,"Damage, Crowd Control"
94,Popol and Kupa,Luo Yi,0.300999999,D,Mage,Mid Lane,"Support, Crowd Control"
94,Popol and Kupa,Terizla,0.231999993,D,"Fighter, Tank",Exp Lane,"Burst, Crowd Control"
94,Popol and Kupa,Yu Zhong,0.219999999,B,Fighter,Exp Lane,"Regen, Damage"
95,Yu Zhong,Masha,8.42800045,C,"Fighter, Tank",Exp Lane,"Push, Damage"
95,Yu Zhong,Wanwan,4.230000019,C,Marksman,Gold Lane,"Finisher, Burst"
95,Yu Zhong,Edith,3.559000015,D,"Tank, Marksman","Exp Lane, Roam","Control, Burst"
95,Yu Zhong,Cici,3.522000074,S,Fighter,Exp Lane,"Damage, Regen"
95,Yu Zhong,Karrie,3.209000111,D,Marksman,Gold Lane,"Finisher, Damage"
95,Yu Zhong,Faramis,0.326000005,D,"Support, Mage",Mid Lane,"Guard, Charge"
95,Yu Zhong,Diggie,0.208000004,S,Support,Roam,"Guard, Poke"
96,Luo Yi,Novaria,4.011000156,D,Mage,Mid Lane,"Burst, Poke"
96,Luo Yi,Hanzo,3.563999891,C,Assassin,Jungle,"Poke, Burst"
96,Luo Yi,Joy,3.559999943,C,Assassin,Jungle,"Chase, Damage"
96,Luo Yi,Beatrix,2.065000057,D,Marksman,Gold Lane,"Finisher, Damage"
96,Luo Yi,Gloo,1.600000024,SS,Tank,"Exp Lane, Roam","Regen, Control"
96,Luo Yi,Benedetta,0.850000024,D,"Assassin, Fighter",Exp Lane,"Chase, Burst"
96,Luo Yi,Gord,0.518999994,D,Mage,Mid Lane,"Poke, Burst"
96,Luo Yi,Masha,0.361999989,C,"Fighter, Tank",Exp Lane,"Push, Damage"
96,Luo Yi,Kaja,0.280999988,D,"Support, Fighter",Roam,"Control, Charge"
96,Luo Yi,Clint,0.234999999,D,Marksman,Gold Lane,"Finisher, Burst"
96,Luo Yi,Gusion,0.230000004,B,Assassin,"Jungle, Mid Lane","Burst, Magic Damage"
96,Luo Yi,Lolita,0.224999994,C,"Support, Tank",Roam,"Guard, Crowd Control"
96,Luo Yi,Yve,0.196999997,C,Mage,Mid Lane,"Poke, Burst"
96,Luo Yi,Selena,0.186000004,D,"Assassin, Mage","Mid Lane, Roam","Initiator, Finisher"
97,Benedetta,Phoveus,6.861000061,C,Fighter,Exp Lane,"Regen, Damage"
97,Benedetta,Obsidia,6.322999954,B,Marksman,Gold Lane,"Finisher, Damage"
97,Benedetta,Cici,6.079999924,S,Fighter,Exp Lane,"Damage, Regen"
97,Benedetta,Saber,4.907999992,A,Assassin,"Jungle, Roam","Charge, Finisher"
97,Benedetta,Cyclops,4.15199995,C,Mage,Mid Lane,"Damage, Control"
97,Benedetta,Irithel,0.561999977,C,Marksman,Gold Lane,"Finisher, Burst"
97,Benedetta,Bruno,0.44600001,D,Marksman,Gold Lane,"Finisher, Burst"
97,Benedetta,Diggie,0.39199999,S,Support,Roam,"Guard, Poke"
97,Benedetta,Mathilda,0.367000014,D,"Support, Assassin",Roam,"Initiator, Guard"
97,Benedetta,Valentina,0.351999998,D,Mage,Mid Lane,"Burst, Finisher"
98,Khaleed,Phoveus,6.297999859,C,Fighter,Exp Lane,"Regen, Damage"
98,Khaleed,Fredrinn,3.59100008,S,"Fighter, Tank",Jungle,"Damage, Chase"
98,Khaleed,Odette,3.246999979,D,Mage,Mid Lane,"Burst, Poke"
98,Khaleed,Harith,1.978000045,D,Mage,"Gold Lane, Mid Lane","Chase, Damage"
98,Khaleed,Joy,1.830000043,C,Assassin,Jungle,"Chase, Damage"
98,Khaleed,Barats,1.368000031,D,"Tank, Fighter",Jungle,"Damage, Crowd Control"
98,Khaleed,Lesley,0.875,C,"Marksman, Assassin",Gold Lane,"Finisher, Burst"
98,Khaleed,Bruno,0.477999985,D,Marksman,Gold Lane,"Finisher, Burst"
98,Khaleed,Mathilda,0.391000003,D,"Support, Assassin",Roam,"Initiator, Guard"
98,Khaleed,Yve,0.351999998,C,Mage,Mid Lane,"Poke, Burst"
98,Khaleed,Freya,0.319999993,C,Fighter,"Exp Lane, Jungle","Chase, Damage"
99,Barats,X.Borg,12.58199978,B,Fighter,Exp Lane,"Regen, Burst"
99,Barats,Gord,10.61800003,D,Mage,Mid Lane,"Poke, Burst"
99,Barats,Yve,6.809999943,C,Mage,Mid Lane,"Poke, Burst"
99,Barats,Hanzo,4.551000118,C,Assassin,Jungle,"Poke, Burst"
99,Barats,Alpha,3.809999943,D,Fighter,"Jungle, Exp Lane","Charge, Damage"
99,Barats,Valir,2.96600008,D,Mage,Mid Lane,"Damage, Guard"
99,Barats,Alice,2.367000103,SS,"Tank, Mage","Exp Lane, Jungle","Charge, Regen"
99,Barats,Novaria,0.270000011,D,Mage,Mid Lane,"Burst, Poke"
99,Barats,Beatrix,0.244000003,D,Marksman,Gold Lane,"Finisher, Damage"
100,Brody,Barats,6.635000229,D,"Tank, Fighter",Jungle,"Damage, Crowd Control"
100,Brody,Sun,4.923999786,B,Fighter,"Exp Lane, Jungle","Push, Damage"
100,Brody,Diggie,4.519999981,S,Support,Roam,"Guard, Poke"
100,Brody,Gloo,4.306000233,SS,Tank,"Exp Lane, Roam","Regen, Control"
100,Brody,Hanzo,1.850000024,C,Assassin,Jungle,"Poke, Burst"
100,Brody,Popol and Kupa,1.139999986,D,Marksman,"Jungle, Gold Lane","Push, Burst"
100,Brody,Masha,0.625,C,"Fighter, Tank",Exp Lane,"Push, Damage"
100,Brody,Kaja,0.518999994,D,"Support, Fighter",Roam,"Control, Charge"
100,Brody,Faramis,0.442000002,D,"Support, Mage",Mid Lane,"Guard, Charge"
100,Brody,Yve,0.430999994,C,Mage,Mid Lane,"Poke, Burst"
100,Brody,Leomord,0.360000014,D,Fighter,Jungle,"Chase, Burst"
100,Brody,Chip,0.231000006,D,"Support, Tank",Roam,"Support, Crowd Control"
101,Yve,Fanny,5.959000111,B,Assassin,Jungle,"Chase, Finisher"
101,Yve,Hanzo,5.710000038,C,Assassin,Jungle,"Poke, Burst"
101,Yve,Hayabusa,5.372000217,SS,Assassin,Jungle,"Chase, Burst"
101,Yve,Joy,4.25,C,Assassin,Jungle,"Chase, Damage"
101,Yve,Freya,3.019999981,C,Fighter,"Exp Lane, Jungle","Chase, Damage"
101,Yve,Yin,1.125,C,"Fighter, Assassin","Jungle, Exp Lane","Burst, Control"
101,Yve,Harley,0.740999997,C,"Assassin, Mage",Jungle,"Burst, Poke"
101,Yve,Bruno,0.409000009,D,Marksman,Gold Lane,"Finisher, Burst"
101,Yve,Masha,0.381999999,C,"Fighter, Tank",Exp Lane,"Push, Damage"
101,Yve,Mathilda,0.296999991,D,"Support, Assassin",Roam,"Initiator, Guard"
101,Yve,Zhask,0.293000013,D,Mage,Mid Lane,"Chase, Damage"
101,Yve,Nolan,0.264999986,D,Assassin,Jungle,"Chase, Burst"
101,Yve,Helcurt,0.257999986,A,Assassin,Jungle,"Push, Burst"
102,Mathilda,Esmeralda,8.149000168,D,"Tank, Mage",Exp Lane,"Regen, Mixed Damage"
102,Mathilda,Alucard,5.081999779,B,"Fighter, Assassin",Jungle,"Chase, Damage"
102,Mathilda,Odette,4.971000195,D,Mage,Mid Lane,"Burst, Poke"
102,Mathilda,Melissa,3.530999899,D,Marksman,Gold Lane,"Finisher, Damage"
102,Mathilda,Freya,2.109999895,C,Fighter,"Exp Lane, Jungle","Chase, Damage"
102,Mathilda,Cyclops,1.593000054,C,Mage,Mid Lane,"Damage, Control"
102,Mathilda,Kaja,1.014999986,D,"Support, Fighter",Roam,"Control, Charge"
102,Mathilda,Lolita,0.64200002,C,"Support, Tank",Roam,"Guard, Crowd Control"
102,Mathilda,Valentina,0.638000011,D,Mage,Mid Lane,"Burst, Finisher"
102,Mathilda,Faramis,0.564999998,D,"Support, Mage",Mid Lane,"Guard, Charge"
102,Mathilda,Phoveus,0.395000011,C,Fighter,Exp Lane,"Regen, Damage"
102,Mathilda,Bruno,0.294999987,D,Marksman,Gold Lane,"Finisher, Burst"
102,Mathilda,Leomord,0.289000005,D,Fighter,Jungle,"Chase, Burst"
103,Paquito,Esmeralda,5.997000217,D,"Tank, Mage",Exp Lane,"Regen, Mixed Damage"
103,Paquito,Phoveus,5.416999817,C,Fighter,Exp Lane,"Regen, Damage"
103,Paquito,Khufra,4.860000134,D,Tank,Roam,"Initiator, Crowd Control"
103,Paquito,Gloo,3.5,SS,Tank,"Exp Lane, Roam","Regen, Control"
103,Paquito,Melissa,3.095999956,D,Marksman,Gold Lane,"Finisher, Damage"
103,Paquito,Barats,1.842000008,D,"Tank, Fighter",Jungle,"Damage, Crowd Control"
103,Paquito,Chip,1.042000055,D,"Support, Tank",Roam,"Support, Crowd Control"
103,Paquito,Clint,0.231999993,D,Marksman,Gold Lane,"Finisher, Burst"
103,Paquito,Atlas,0.218999997,D,Tank,Roam,"Crowd Control, Initiator"
103,Paquito,Fredrinn,0.182999998,S,"Fighter, Tank",Jungle,"Damage, Chase"
103,Paquito,Odette,0.170000002,D,Mage,Mid Lane,"Burst, Poke"
104,Gloo,Faramis,14.10599995,D,"Support, Mage",Mid Lane,"Guard, Charge"
104,Gloo,Alice,9.503000259,SS,"Tank, Mage","Exp Lane, Jungle","Charge, Regen"
104,Gloo,Ruby,9.133999825,C,Fighter,Exp Lane,"Crowd Control, Regen"
104,Gloo,Moskov,7.18599987,D,Marksman,Gold Lane,"Finisher, Chase"
104,Gloo,Fredrinn,3.970000029,S,"Fighter, Tank",Jungle,"Damage, Chase"
104,Gloo,Natan,2.91899991,B,Marksman,Gold Lane,"Burst, Magic Damage"
104,Gloo,Fanny,0.723999977,B,Assassin,Jungle,"Chase, Finisher"
104,Gloo,Wanwan,0.382999986,C,Marksman,Gold Lane,"Finisher, Burst"
104,Gloo,Ling,0.34799999,D,Assassin,Jungle,"Chase, Burst"
104,Gloo,Diggie,0.331,S,Support,Roam,"Guard, Poke"
105,Beatrix,Natalia,3.661000013,C,Assassin,"Jungle, Roam","Chase, Finisher"
105,Beatrix,Lolita,3.619999886,C,"Support, Tank",Roam,"Guard, Crowd Control"
105,Beatrix,Granger,3.171000004,B,Marksman,Gold Lane,"Burst, Finisher"
105,Beatrix,Joy,2.630000114,C,Assassin,Jungle,"Chase, Damage"
105,Beatrix,Khufra,1.866000056,D,Tank,Roam,"Initiator, Crowd Control"
105,Beatrix,Cici,1.503000021,S,Fighter,Exp Lane,"Damage, Regen"
105,Beatrix,Wanwan,0.815999985,C,Marksman,Gold Lane,"Finisher, Burst"
105,Beatrix,Lesley,0.532999992,C,"Marksman, Assassin",Gold Lane,"Finisher, Burst"
105,Beatrix,Bruno,0.236000001,D,Marksman,Gold Lane,"Finisher, Burst"
105,Beatrix,Kaja,0.216000006,D,"Support, Fighter",Roam,"Control, Charge"
105,Beatrix,Irithel,0.175999999,C,Marksman,Gold Lane,"Finisher, Burst"
106,Phoveus,Alpha,6.903999805,D,Fighter,"Jungle, Exp Lane","Charge, Damage"
106,Phoveus,Minsitthar,6.309000015,C,Fighter,"Exp Lane, Roam","Initiator, Crowd Control"
106,Phoveus,X.Borg,6.098999977,B,Fighter,Exp Lane,"Regen, Burst"
106,Phoveus,Baxia,5.372000217,D,Tank,Jungle,"Support, Damage"
106,Phoveus,Aulus,3.75,D,Fighter,Jungle,"Damage, Crowd Control"
106,Phoveus,Gord,2.48300004,D,Mage,Mid Lane,"Poke, Burst"
106,Phoveus,Angela,0.465999991,SS,Support,Roam,"Guard, Support"
106,Phoveus,Chip,0.331999987,D,"Support, Tank",Roam,"Support, Crowd Control"
106,Phoveus,Esmeralda,0.289999992,D,"Tank, Mage",Exp Lane,"Regen, Mixed Damage"
106,Phoveus,Novaria,0.279000014,D,Mage,Mid Lane,"Burst, Poke"
106,Phoveus,Barats,0.238000005,D,"Tank, Fighter",Jungle,"Damage, Crowd Control"
107,Natan,Lolita,4.381000042,C,"Support, Tank",Roam,"Guard, Crowd Control"
107,Natan,Nolan,3.765000105,D,Assassin,Jungle,"Chase, Burst"
107,Natan,Granger,3.750999928,B,Marksman,Gold Lane,"Burst, Finisher"
107,Natan,Arlott,3.325000048,B,"Fighter, Assassin",Exp Lane,"Charge, Burst"
107,Natan,Baxia,2,D,Tank,Jungle,"Support, Damage"
107,Natan,Belerick,0.824999988,B,Tank,Roam,"Crowd Control, Regen"
107,Natan,Kalea,0.638000011,C,"Support, Fighter",Roam,"Control, Regen"
107,Natan,Zhuxin,0.289000005,C,Mage,Mid Lane,"Damage, Crowd Control"
107,Natan,Kaja,0.254999995,D,"Support, Fighter",Roam,"Control, Charge"
107,Natan,Mathilda,0.215000004,D,"Support, Assassin",Roam,"Initiator, Guard"
107,Natan,Yve,0.207000002,C,Mage,Mid Lane,"Poke, Burst"
107,Natan,Saber,0.189999998,A,Assassin,"Jungle, Roam","Charge, Finisher"
107,Natan,Diggie,0,S,Support,Roam,"Guard, Poke"
108,Aulus,Argus,5.145999908,D,Fighter,Exp Lane,"Charge, Burst"
108,Aulus,Yve,4.653999805,C,Mage,Mid Lane,"Poke, Burst"
108,Aulus,Atlas,4.40199995,D,Tank,Roam,"Crowd Control, Initiator"
108,Aulus,Nolan,4.386000156,D,Assassin,Jungle,"Chase, Burst"
108,Aulus,Baxia,3.155999899,D,Tank,Jungle,"Support, Damage"
108,Aulus,Gord,1.220000029,D,Mage,Mid Lane,"Poke, Burst"
108,Aulus,Hanzo,0.677999973,C,Assassin,Jungle,"Poke, Burst"
108,Aulus,Guinevere,0.303000003,C,Fighter,Exp Lane,"Burst, Magic Damage"
108,Aulus,Suyou,0.193000004,D,"Assassin, Fighter",Jungle,"Chase, Burst"
108,Aulus,Luo Yi,0.131999999,D,Mage,Mid Lane,"Support, Crowd Control"
108,Aulus,Gatotkaca,0.128999993,C,"Tank, Fighter","Roam, Exp Lane","Crowd Control, Burst"
109,Aamon,Gloo,8.840000153,SS,Tank,"Exp Lane, Roam","Regen, Control"
109,Aamon,Silvanna,5.736999989,C,Fighter,Exp Lane,"Initiator, Magic Damage"
109,Aamon,Lolita,5.729000092,C,"Support, Tank",Roam,"Guard, Crowd Control"
109,Aamon,Zhuxin,4.829999924,C,Mage,Mid Lane,"Damage, Crowd Control"
109,Aamon,Atlas,3.24000001,D,Tank,Roam,"Crowd Control, Initiator"
109,Aamon,Odette,2.611999989,D,Mage,Mid Lane,"Burst, Poke"
109,Aamon,Gusion,0.469999999,B,Assassin,"Jungle, Mid Lane","Burst, Magic Damage"
109,Aamon,Hayabusa,0.204999998,SS,Assassin,Jungle,"Chase, Burst"
109,Aamon,Sun,0.174999997,B,Fighter,"Exp Lane, Jungle","Push, Damage"
109,Aamon,Saber,0.166999996,A,Assassin,"Jungle, Roam","Charge, Finisher"
110,Valentina,Phoveus,7.19299984,C,Fighter,Exp Lane,"Regen, Damage"
110,Valentina,Barats,5.561999798,D,"Tank, Fighter",Jungle,"Damage, Crowd Control"
110,Valentina,Minsitthar,5.272999763,C,Fighter,"Exp Lane, Roam","Initiator, Crowd Control"
110,Valentina,Khufra,4.295000076,D,Tank,Roam,"Initiator, Crowd Control"
110,Valentina,Johnson,3.118000031,D,"Tank, Support",Roam,"Support, Crowd Control"
110,Valentina,Alice,1.164999962,SS,"Tank, Mage","Exp Lane, Jungle","Charge, Regen"
110,Valentina,Luo Yi,0.55400002,D,Mage,Mid Lane,"Support, Crowd Control"
110,Valentina,Bruno,0.505999982,D,Marksman,Gold Lane,"Finisher, Burst"
110,Valentina,Zhuxin,0.500999987,C,Mage,Mid Lane,"Damage, Crowd Control"
110,Valentina,Masha,0.470999986,C,"Fighter, Tank",Exp Lane,"Push, Damage"
110,Valentina,Aulus,0.465999991,D,Fighter,Jungle,"Damage, Crowd Control"
110,Valentina,Chip,0.386000007,D,"Support, Tank",Roam,"Support, Crowd Control"
110,Valentina,Kaja,0.342000008,D,"Support, Fighter",Roam,"Control, Charge"
110,Valentina,Karrie,0.307999998,D,Marksman,Gold Lane,"Finisher, Damage"
111,Edith,Lolita,9.161000252,C,"Support, Tank",Roam,"Guard, Crowd Control"
111,Edith,Gord,4.902999878,D,Mage,Mid Lane,"Poke, Burst"
111,Edith,Layla,4.190000057,D,Marksman,Gold Lane,"Finisher, Damage"
111,Edith,Valir,3.414999962,D,Mage,Mid Lane,"Damage, Guard"
111,Edith,Sun,3.410000086,B,Fighter,"Exp Lane, Jungle","Push, Damage"
111,Edith,Baxia,0.474000007,D,Tank,Jungle,"Support, Damage"
111,Edith,Hanzo,0.39199999,C,Assassin,Jungle,"Poke, Burst"
111,Edith,Masha,0.30399999,C,"Fighter, Tank",Exp Lane,"Push, Damage"
111,Edith,Benedetta,0.296000004,D,"Assassin, Fighter",Exp Lane,"Chase, Burst"
111,Edith,Chip,0.240999997,D,"Support, Tank",Roam,"Support, Crowd Control"
111,Edith,Phoveus,0.174999997,C,Fighter,Exp Lane,"Regen, Damage"
111,Edith,Leomord,0.160999998,D,Fighter,Jungle,"Chase, Burst"
112,Floryn,Yin,7.688000202,C,"Fighter, Assassin","Jungle, Exp Lane","Burst, Control"
112,Floryn,Lolita,6.467000008,C,"Support, Tank",Roam,"Guard, Crowd Control"
112,Floryn,Franco,5.251999855,B,Tank,Roam,"Initiator, Control"
112,Floryn,Silvanna,4.664999962,C,Fighter,Exp Lane,"Initiator, Magic Damage"
112,Floryn,Eudora,4.25,C,Mage,Mid Lane,"Control, Burst"
112,Floryn,Ixia,0.626999974,A,Marksman,Gold Lane,"Finisher, Damage"
112,Floryn,Nolan,0.44600001,D,Assassin,Jungle,"Chase, Burst"
112,Floryn,Valentina,0.223000005,D,Mage,Mid Lane,"Burst, Finisher"
112,Floryn,Gloo,0.218999997,SS,Tank,"Exp Lane, Roam","Regen, Control"
113,Yin,Wanwan,7.263999939,C,Marksman,Gold Lane,"Finisher, Burst"
113,Yin,Esmeralda,4.323999882,D,"Tank, Mage",Exp Lane,"Regen, Mixed Damage"
113,Yin,Khufra,4.09499979,D,Tank,Roam,"Initiator, Crowd Control"
113,Yin,Johnson,2.589999914,D,"Tank, Support",Roam,"Support, Crowd Control"
113,Yin,Badang,2.369999886,C,Fighter,"Exp Lane, Roam","Charge, Burst"
113,Yin,Lesley,1.638000011,C,"Marksman, Assassin",Gold Lane,"Finisher, Burst"
113,Yin,Zhask,1.565999985,D,Mage,Mid Lane,"Chase, Damage"
113,Yin,Zhuxin,0.338,C,Mage,Mid Lane,"Damage, Crowd Control"
113,Yin,Valentina,0.210999995,D,Mage,Mid Lane,"Burst, Finisher"
113,Yin,Kaja,0.193000004,D,"Support, Fighter",Roam,"Control, Charge"
113,Yin,Uranus,0.191,D,Tank,Exp Lane,Regen
113,Yin,Akai,0.182999998,D,Tank,Roam,"Guard, Crowd Control"
113,Yin,Irithel,0.181999996,C,Marksman,Gold Lane,"Finisher, Burst"
113,Yin,Hylos,0,D,Tank,Roam,"Guard, Initiator"
114,Melissa,Belerick,6.744999886,B,Tank,Roam,"Crowd Control, Regen"
114,Melissa,Yi Sun-shin,4.146999836,SS,"Assassin, Marksman",Jungle,"Finisher, Chase"
114,Melissa,Terizla,3.630000114,D,"Fighter, Tank",Exp Lane,"Burst, Crowd Control"
114,Melissa,Baxia,3.075000048,D,Tank,Jungle,"Support, Damage"
114,Melissa,Pharsa,2.160000086,D,Mage,Mid Lane,"Burst, Poke"
114,Melissa,Barats,1.574000001,D,"Tank, Fighter",Jungle,"Damage, Crowd Control"
114,Melissa,Granger,1.376999974,B,Marksman,Gold Lane,"Burst, Finisher"
114,Melissa,Eudora,0.298000008,C,Mage,Mid Lane,"Control, Burst"
114,Melissa,Diggie,0.165000007,S,Support,Roam,"Guard, Poke"
114,Melissa,Martis,0.140000001,D,Fighter,Jungle,"Finisher, Charge"
115,Xavier,Natalia,7.997000217,C,Assassin,"Jungle, Roam","Chase, Finisher"
115,Xavier,Lolita,5.034999847,C,"Support, Tank",Roam,"Guard, Crowd Control"
115,Xavier,Helcurt,4.954999924,A,Assassin,Jungle,"Push, Burst"
115,Xavier,Yin,2.450000048,C,"Fighter, Assassin","Jungle, Exp Lane","Burst, Control"
115,Xavier,Aamon,2.319999933,SS,Assassin,Jungle,"Chase, Magic Damage"
115,Xavier,Angela,2.019000053,SS,Support,Roam,"Guard, Support"
115,Xavier,Aldous,1.368000031,D,Fighter,Exp Lane,"Burst, Support"
115,Xavier,Moskov,0.809000015,D,Marksman,Gold Lane,"Finisher, Chase"
115,Xavier,Fanny,0.145999998,B,Assassin,Jungle,"Chase, Finisher"
116,Julian,Baxia,4.357999802,D,Tank,Jungle,"Support, Damage"
116,Julian,Minsitthar,3.230000019,C,Fighter,"Exp Lane, Roam","Initiator, Crowd Control"
116,Julian,Gord,2.755000114,D,Mage,Mid Lane,"Poke, Burst"
116,Julian,Barats,2.710000038,D,"Tank, Fighter",Jungle,"Damage, Crowd Control"
116,Julian,Thamuz,1.870000005,B,Fighter,Exp Lane,"Chase, Damage"
116,Julian,Guinevere,1.51699996,C,Fighter,Exp Lane,"Burst, Magic Damage"
116,Julian,Granger,0.405000001,B,Marksman,Gold Lane,"Burst, Finisher"
116,Julian,Hylos,0.397000015,D,Tank,Roam,"Guard, Initiator"
116,Julian,Tigreal,0.257999986,D,Tank,Roam,Crowd Control
116,Julian,Masha,0.177000001,C,"Fighter, Tank",Exp Lane,"Push, Damage"
116,Julian,Khufra,0.149000004,D,Tank,Roam,"Initiator, Crowd Control"
116,Julian,Chip,0.120999999,D,"Support, Tank",Roam,"Support, Crowd Control"
117,Fredrinn,Valir,7.063000202,D,Mage,Mid Lane,"Damage, Guard"
117,Fredrinn,Hanzo,5.604000092,C,Assassin,Jungle,"Poke, Burst"
117,Fredrinn,Gord,5.520999908,D,Mage,Mid Lane,"Poke, Burst"
117,Fredrinn,X.Borg,5.011000156,B,Fighter,Exp Lane,"Regen, Burst"
117,Fredrinn,Karrie,2.660000086,D,Marksman,Gold Lane,"Finisher, Damage"
117,Fredrinn,Hanabi,2.339999914,C,Marksman,Gold Lane,"Finisher, Damage"
117,Fredrinn,Kaja,0.256999999,D,"Support, Fighter",Roam,"Control, Charge"
117,Fredrinn,Diggie,0.254000008,S,Support,Roam,"Guard, Poke"
117,Fredrinn,Alpha,0,D,Fighter,"Jungle, Exp Lane","Charge, Damage"
118,Joy,Cyclops,6.947999954,C,Mage,Mid Lane,"Damage, Control"
118,Joy,Moskov,6.419000149,D,Marksman,Gold Lane,"Finisher, Chase"
118,Joy,Eudora,5.183000088,C,Mage,Mid Lane,"Control, Burst"
118,Joy,Fredrinn,4.951000214,S,"Fighter, Tank",Jungle,"Damage, Chase"
118,Joy,Harley,2.519999981,C,"Assassin, Mage",Jungle,"Burst, Poke"
118,Joy,Bruno,2.013000011,D,Marksman,Gold Lane,"Finisher, Burst"
118,Joy,Faramis,0.522000015,D,"Support, Mage",Mid Lane,"Guard, Charge"
118,Joy,Chip,0.51700002,D,"Support, Tank",Roam,"Support, Crowd Control"
118,Joy,Kaja,0.381000012,D,"Support, Fighter",Roam,"Control, Charge"
118,Joy,Khufra,0.360000014,D,Tank,Roam,"Initiator, Crowd Control"
118,Joy,Phoveus,0.232999995,C,Fighter,Exp Lane,"Regen, Damage"
118,Joy,Odette,0,D,Mage,Mid Lane,"Burst, Poke"
119,Novaria,Natalia,6.304999828,C,Assassin,"Jungle, Roam","Chase, Finisher"
119,Novaria,Aldous,4.427999973,D,Fighter,Exp Lane,"Burst, Support"
119,Novaria,Zilong,3.63499999,D,"Fighter, Assassin",Exp Lane,"Chase, Damage"
119,Novaria,Hanzo,2.589999914,C,Assassin,Jungle,"Poke, Burst"
119,Novaria,Hilda,2.480000019,S,"Fighter, Tank","Roam, Exp Lane","Damage, Regen"
119,Novaria,Hayabusa,1.947000027,SS,Assassin,Jungle,"Chase, Burst"
119,Novaria,Moskov,1.871999979,D,Marksman,Gold Lane,"Finisher, Chase"
119,Novaria,Zhuxin,0.458000004,C,Mage,Mid Lane,"Damage, Crowd Control"
119,Novaria,Khufra,0.312999994,D,Tank,Roam,"Initiator, Crowd Control"
119,Novaria,Chip,0.298999995,D,"Support, Tank",Roam,"Support, Crowd Control"
119,Novaria,Obsidia,0.294,B,Marksman,Gold Lane,"Finisher, Damage"
119,Novaria,Ling,0.219999999,D,Assassin,Jungle,"Chase, Burst"
119,Novaria,Estes,0.206,B,Support,Roam,"Regen, Guard"
120,Arlott,Lukas,4.988999844,D,Fighter,"Exp Lane, Jungle","Regen, Damage"
120,Arlott,Sun,4.916999817,B,Fighter,"Exp Lane, Jungle","Push, Damage"
120,Arlott,Phoveus,4.68200016,C,Fighter,Exp Lane,"Regen, Damage"
120,Arlott,Zhask,3.707000017,D,Mage,Mid Lane,"Chase, Damage"
120,Arlott,Hanabi,2.470000029,C,Marksman,Gold Lane,"Finisher, Damage"
120,Arlott,Argus,1.440999985,D,Fighter,Exp Lane,"Charge, Burst"
120,Arlott,Masha,0.551999986,C,"Fighter, Tank",Exp Lane,"Push, Damage"
120,Arlott,Chip,0.231000006,D,"Support, Tank",Roam,"Support, Crowd Control"
120,Arlott,Kaja,0.216000006,D,"Support, Fighter",Roam,"Control, Charge"
120,Arlott,Alice,0.187000006,SS,"Tank, Mage","Exp Lane, Jungle","Charge, Regen"
120,Arlott,Jawhead,0.180000007,D,Fighter,"Roam, Exp Lane","Charge, Burst"
121,Ixia,Hanzo,6.928999901,C,Assassin,Jungle,"Poke, Burst"
121,Ixia,Kadita,6.190000057,B,"Mage, Assassin",Mid Lane,"Burst, Charge"
121,Ixia,Wanwan,6.079999924,C,Marksman,Gold Lane,"Finisher, Burst"
121,Ixia,Natalia,5.618000031,C,Assassin,"Jungle, Roam","Chase, Finisher"
121,Ixia,Granger,4.179999828,B,Marksman,Gold Lane,"Burst, Finisher"
121,Ixia,Claude,0.828000009,D,Marksman,Gold Lane,"Burst, Chase"
121,Ixia,Selena,0.201000005,D,"Assassin, Mage","Mid Lane, Roam","Initiator, Finisher"
122,Nolan,Natalia,6.618000031,C,Assassin,"Jungle, Roam","Chase, Finisher"
122,Nolan,Saber,6.495999813,A,Assassin,"Jungle, Roam","Charge, Finisher"
122,Nolan,Hilda,5.933000088,S,"Fighter, Tank","Roam, Exp Lane","Damage, Regen"
122,Nolan,Hayabusa,4.31400013,SS,Assassin,Jungle,"Chase, Burst"
122,Nolan,Khaleed,2.329999924,D,Fighter,"Exp Lane, Roam","Damage, Regen"
122,Nolan,Paquito,1.506999969,D,"Fighter, Assassin",Exp Lane,"Chase, Damage"
122,Nolan,Kaja,0.349000007,D,"Support, Fighter",Roam,"Control, Charge"
122,Nolan,Lesley,0.31400001,C,"Marksman, Assassin",Gold Lane,"Finisher, Burst"
122,Nolan,Phoveus,0.246999994,C,Fighter,Exp Lane,"Regen, Damage"
122,Nolan,Alucard,0,B,"Fighter, Assassin",Jungle,"Chase, Damage"
123,Cici,Estes,7.671000004,B,Support,Roam,"Regen, Guard"
123,Cici,Aamon,7.402999878,SS,Assassin,Jungle,"Chase, Magic Damage"
123,Cici,Sun,6.974999905,B,Fighter,"Exp Lane, Jungle","Push, Damage"
123,Cici,X.Borg,6.177999973,B,Fighter,Exp Lane,"Regen, Burst"
123,Cici,Diggie,3.200000048,S,Support,Roam,"Guard, Poke"
123,Cici,Masha,2.233999968,C,"Fighter, Tank",Exp Lane,"Push, Damage"
123,Cici,Odette,0.172999993,D,Mage,Mid Lane,"Burst, Poke"
124,Chip,Alice,5.663000107,SS,"Tank, Mage","Exp Lane, Jungle","Charge, Regen"
124,Chip,Carmilla,4.888000011,D,"Support, Tank",Roam,"Crowd Control, Damage"
124,Chip,Hanabi,3.164999962,C,Marksman,Gold Lane,"Finisher, Damage"
124,Chip,Aulus,2.50999999,D,Fighter,Jungle,"Damage, Crowd Control"
124,Chip,Fanny,2.019999981,B,Assassin,Jungle,"Chase, Finisher"
124,Chip,Barats,1.320000052,D,"Tank, Fighter",Jungle,"Damage, Crowd Control"
124,Chip,Faramis,1.121999979,D,"Support, Mage",Mid Lane,"Guard, Charge"
124,Chip,Belerick,1.00999999,B,Tank,Roam,"Crowd Control, Regen"
124,Chip,Leomord,0.822000027,D,Fighter,Jungle,"Chase, Burst"
124,Chip,Yve,0.54400003,C,Mage,Mid Lane,"Poke, Burst"
124,Chip,Valentina,0.532000005,D,Mage,Mid Lane,"Burst, Finisher"
124,Chip,Wanwan,0.474999994,C,Marksman,Gold Lane,"Finisher, Burst"
124,Chip,X.Borg,0.472000003,B,Fighter,Exp Lane,"Regen, Burst"
124,Chip,Lukas,0.465999991,D,Fighter,"Exp Lane, Jungle","Regen, Damage"
124,Chip,Lapu-Lapu,0.409999996,A,Fighter,Exp Lane,"Chase, Burst"
124,Chip,Odette,0,D,Mage,Mid Lane,"Burst, Poke"
125,Zhuxin,Zhask,5.664999962,D,Mage,Mid Lane,"Chase, Damage"
125,Zhuxin,Diggie,4.770999908,S,Support,Roam,"Guard, Poke"
125,Zhuxin,Belerick,4.697000027,B,Tank,Roam,"Crowd Control, Regen"
125,Zhuxin,Faramis,4.175000191,D,"Support, Mage",Mid Lane,"Guard, Charge"
125,Zhuxin,Baxia,2.5,D,Tank,Jungle,"Support, Damage"
125,Zhuxin,Hayabusa,1.315000057,SS,Assassin,Jungle,"Chase, Burst"
125,Zhuxin,Valir,0.549000025,D,Mage,Mid Lane,"Damage, Guard"
125,Zhuxin,Kaja,0.368000001,D,"Support, Fighter",Roam,"Control, Charge"
125,Zhuxin,Saber,0.187000006,A,Assassin,"Jungle, Roam","Charge, Finisher"
125,Zhuxin,Popol and Kupa,0.186000004,D,Marksman,"Jungle, Gold Lane","Push, Burst"
125,Zhuxin,Yve,0.172000006,C,Mage,Mid Lane,"Poke, Burst"
125,Zhuxin,Nolan,0.165000007,D,Assassin,Jungle,"Chase, Burst"
125,Zhuxin,Odette,0.160999998,D,Mage,Mid Lane,"Burst, Poke"
126,Suyou,Silvanna,4.087999821,C,Fighter,Exp Lane,"Initiator, Magic Damage"
126,Suyou,Gusion,3.921999931,B,Assassin,"Jungle, Mid Lane","Burst, Magic Damage"
126,Suyou,Joy,2.484999895,C,Assassin,Jungle,"Chase, Damage"
126,Suyou,Harith,2.375999928,D,Mage,"Gold Lane, Mid Lane","Chase, Damage"
126,Suyou,Harley,1.809999943,C,"Assassin, Mage",Jungle,"Burst, Poke"
126,Suyou,Uranus,1.322000027,D,Tank,Exp Lane,Regen
126,Suyou,Aamon,1.070000052,SS,Assassin,Jungle,"Chase, Magic Damage"
126,Suyou,Yve,0.779999971,C,Mage,Mid Lane,"Poke, Burst"
126,Suyou,Chip,0.456999987,D,"Support, Tank",Roam,"Support, Crowd Control"
126,Suyou,Natan,0.395000011,B,Marksman,Gold Lane,"Burst, Magic Damage"
126,Suyou,Arlott,0.147,B,"Fighter, Assassin",Exp Lane,"Charge, Burst"
126,Suyou,Julian,0.138999999,C,"Assassin, Fighter",Jungle,"Chase, Magic Damage"
126,Suyou,Terizla,0.137999997,D,"Fighter, Tank",Exp Lane,"Burst, Crowd Control"
127,Lukas,Phoveus,6.330999851,C,Fighter,Exp Lane,"Regen, Damage"
127,Lukas,Baxia,5.751999855,D,Tank,Jungle,"Support, Damage"
127,Lukas,Balmond,4.861999989,D,Fighter,"Jungle, Exp Lane","Damage, Regen"
127,Lukas,Barats,2.619999886,D,"Tank, Fighter",Jungle,"Damage, Crowd Control"
127,Lukas,Alpha,2.50999999,D,Fighter,"Jungle, Exp Lane","Charge, Damage"
127,Lukas,Thamuz,1.695000052,B,Fighter,Exp Lane,"Chase, Damage"
127,Lukas,X.Borg,1.322999954,B,Fighter,Exp Lane,"Regen, Burst"
127,Lukas,Minsitthar,0.305000007,C,Fighter,"Exp Lane, Roam","Initiator, Crowd Control"
127,Lukas,Terizla,0.289999992,D,"Fighter, Tank",Exp Lane,"Burst, Crowd Control"
127,Lukas,Valentina,0.186000004,D,Mage,Mid Lane,"Burst, Finisher"
127,Lukas,Kaja,0.136000007,D,"Support, Fighter",Roam,"Control, Charge"
128,Kalea,Hanabi,3.688999891,C,Marksman,Gold Lane,"Finisher, Damage"
128,Kalea,Phoveus,3.329999924,C,Fighter,Exp Lane,"Regen, Damage"
128,Kalea,Hanzo,3.25,C,Assassin,Jungle,"Poke, Burst"
128,Kalea,Balmond,2.203000069,D,Fighter,"Jungle, Exp Lane","Damage, Regen"
128,Kalea,Diggie,2.052999973,S,Support,Roam,"Guard, Poke"
128,Kalea,Minsitthar,1.639999986,C,Fighter,"Exp Lane, Roam","Initiator, Crowd Control"
128,Kalea,Carmilla,0.879999995,D,"Support, Tank",Roam,"Crowd Control, Damage"
128,Kalea,Sun,0.587000012,B,Fighter,"Exp Lane, Jungle","Push, Damage"
128,Kalea,Leomord,0.152999997,D,Fighter,Jungle,"Chase, Burst"
128,Kalea,Zhuxin,0.136999995,C,Mage,Mid Lane,"Damage, Crowd Control"
129,Zetian,Gloo,3.835000038,SS,Tank,"Exp Lane, Roam","Regen, Control"
129,Zetian,Harith,3.063999891,D,Mage,"Gold Lane, Mid Lane","Chase, Damage"
129,Zetian,Uranus,3.030999899,D,Tank,Exp Lane,Regen
129,Zetian,Valentina,2.75999999,D,Mage,Mid Lane,"Burst, Finisher"
129,Zetian,Baxia,1.902999997,D,Tank,Jungle,"Support, Damage"
129,Zetian,Floryn,1.217000008,S,Support,Roam,"Poke, Guard"
129,Zetian,Estes,0.49000001,B,Support,Roam,"Regen, Guard"
129,Zetian,Chip,0.153999999,D,"Support, Tank",Roam,"Support, Crowd Control"
129,Zetian,Yi Sun-shin,0.125,SS,"Assassin, Marksman",Jungle,"Finisher, Chase"
129,Zetian,Leomord,0.119999997,D,Fighter,Jungle,"Chase, Burst"
129,Zetian,Bruno,0.119000003,D,Marksman,Gold Lane,"Finisher, Burst"
